﻿<?xml version="1.0" encoding="utf-8"?>
<entries>
  <entry time="2014-09-22T09:35:14.5440639Z" id="d68a9bbb-ec5c-489e-a399-6ee713fa0f43" type="0">
    <message>Updating branch 'master'.</message>
  </entry>
  <entry time="2014-09-22T09:35:18.9677407Z" id="c372b2b2-79ec-4a29-af1e-742f4b085acd" type="0">
    <message>Updating submodules.</message>
  </entry>
  <entry time="2014-09-22T09:35:19.0302504Z" id="30453c17-cdc9-48a8-a14d-3f3e8555b96d" type="0">
    <message>Preparing deployment for commit id 'b9af39e833'.</message>
  </entry>
  <entry time="2014-09-22T09:35:19.2177627Z" id="920e63dd-bd5f-46f1-b2aa-74b850eb58ac" type="0">
    <message>Generating deployment script.</message>
    <entry time="2014-09-22T09:35:19.2489981Z" id="86c20c3d-d187-40eb-b52a-374b71f7ba1e" type="0">
      <message>Using the following command to generate deployment script: 'azure site deploymentscript -y --no-dot-deployment -r "D:\home\site\repository" -o "D:\home\site\deployments\tools" --node --sitePath "D:\home\site\repository"'.</message>
    </entry>
    <entry time="2014-09-22T09:35:19.4677875Z" id="2e1a89f6-5228-46c5-82fa-f75f5789cca9" type="0">
      <message>Generating deployment script for node.js Web Site</message>
    </entry>
    <entry time="2014-09-22T09:35:19.4833761Z" id="c4b7bf0d-941d-4b1c-bffc-c34a13fc3b7b" type="0">
      <message>Generated deployment script files</message>
    </entry>
  </entry>
  <entry time="2014-09-22T09:35:19.5458988Z" id="b20ca724-9444-4ea3-926a-31ed376966bb" type="1">
    <message>Running deployment command...</message>
    <entry time="2014-09-22T09:35:19.5614995Z" id="97c7dc60-b572-428d-9d19-39803c3f3ff3" type="0">
      <message>Command: "D:\home\site\deployments\tools\deploy.cmd"</message>
    </entry>
    <entry time="2014-09-22T09:35:19.9990039Z" id="3029f0f6-0e30-40f1-92d2-9c4fbdd7d875" type="0">
      <message>Handling node.js deployment.</message>
    </entry>
    <entry time="2014-09-22T09:35:20.4541425Z" id="c684590a-60ad-47b0-9e3d-f1d0c18037d2" type="0">
      <message>KuduSync.NET from: 'D:\home\site\repository' to: 'D:\home\site\wwwroot'</message>
    </entry>
    <entry time="2014-09-22T09:35:20.4698027Z" id="7771b52c-d35f-4728-b945-49cf0a24ca3d" type="0">
      <message>Copying file: '.gitignore'</message>
    </entry>
    <entry time="2014-09-22T09:35:20.4854259Z" id="85d9c2fb-0a1b-411b-bafa-a1c7cef03533" type="0">
      <message>Copying file: 'azure.err'</message>
    </entry>
    <entry time="2014-09-22T09:35:20.5010559Z" id="98314e56-dcf1-4961-8045-44ed033941c6" type="0">
      <message>Copying file: 'chat.html'</message>
    </entry>
    <entry time="2014-09-22T09:35:20.5170805Z" id="9f53b0e4-ffc4-4097-aeab-cf7cc749b641" type="0">
      <message>Copying file: 'IISNode.yml'</message>
    </entry>
    <entry time="2014-09-22T09:35:20.5170805Z" id="f8758c19-3784-4906-a13a-7477b9c07cec" type="0">
      <message>Copying file: 'index.js'</message>
    </entry>
    <entry time="2014-09-22T09:35:20.5327144Z" id="e8325a6d-abcb-4101-b66e-ed3e44584cb4" type="0">
      <message>Copying file: 'package.json'</message>
    </entry>
    <entry time="2014-09-22T09:35:20.5483396Z" id="4ba95647-3d3b-4c47-aa5c-7acebb390af8" type="0">
      <message>Copying file: 'README.md'</message>
    </entry>
    <entry time="2014-09-22T09:35:20.5639631Z" id="0a5a850d-fae3-4caf-adcf-2a73ca27a390" type="0">
      <message>Copying file: 'server.js'</message>
    </entry>
    <entry time="2014-09-22T09:35:20.5795967Z" id="5737c7ee-2c5b-41d5-9496-ca4a6623cc83" type="0">
      <message>Copying file: 'node_modules\socket.io\.npmignore'</message>
    </entry>
    <entry time="2014-09-22T09:35:20.5952145Z" id="8071c26a-9005-4811-a604-f91f466ba93d" type="0">
      <message>Copying file: 'node_modules\socket.io\.travis.yml'</message>
    </entry>
    <entry time="2014-09-22T09:35:20.6108414Z" id="d6264cea-b76b-47e2-9728-1d7190466d0b" type="0">
      <message>Copying file: 'node_modules\socket.io\History.md'</message>
    </entry>
    <entry time="2014-09-22T09:35:20.6108414Z" id="ed1244fa-db58-4415-8cc5-3df3a387135f" type="0">
      <message>Copying file: 'node_modules\socket.io\index.js'</message>
    </entry>
    <entry time="2014-09-22T09:35:20.6264652Z" id="16d328b4-309c-43ff-8398-e89d2baae643" type="0">
      <message>Copying file: 'node_modules\socket.io\LICENSE'</message>
    </entry>
    <entry time="2014-09-22T09:35:20.6420886Z" id="ab64585d-5f98-41ae-bbf4-542cf0740d4f" type="0">
      <message>Copying file: 'node_modules\socket.io\Makefile'</message>
    </entry>
    <entry time="2014-09-22T09:35:20.657715Z" id="4d9ee69a-3f69-4e8c-b58e-18b8cf0db870" type="0">
      <message>Copying file: 'node_modules\socket.io\package.json'</message>
    </entry>
    <entry time="2014-09-22T09:35:20.6733388Z" id="c98d6760-3a3d-406b-8bce-4e271ddeba55" type="0">
      <message>Copying file: 'node_modules\socket.io\Readme.md'</message>
    </entry>
    <entry time="2014-09-22T09:35:20.6889641Z" id="5a02655e-250a-4eed-8a14-59fa4f821a90" type="0">
      <message>Copying file: 'node_modules\socket.io\lib\client.js'</message>
    </entry>
    <entry time="2014-09-22T09:35:20.7045892Z" id="4222a42d-3de4-4cec-a4d2-3ca2105ecd3b" type="0">
      <message>Copying file: 'node_modules\socket.io\lib\index.js'</message>
    </entry>
    <entry time="2014-09-22T09:35:20.7202135Z" id="a4b31a79-da56-498e-a521-268ce7c121e1" type="0">
      <message>Copying file: 'node_modules\socket.io\lib\namespace.js'</message>
    </entry>
    <entry time="2014-09-22T09:35:20.7358388Z" id="4f5f55a5-5ce5-466c-8f82-a481b024777c" type="0">
      <message>Copying file: 'node_modules\socket.io\lib\socket.js'</message>
    </entry>
    <entry time="2014-09-22T09:35:20.7520371Z" id="64596991-ca16-45b9-84c3-d634c370630a" type="0">
      <message>Copying file: 'node_modules\socket.io\node_modules\debug\debug.js'</message>
    </entry>
    <entry time="2014-09-22T09:35:20.7530191Z" id="0dbdad75-0cca-46a6-b3b7-95f1cd7811b0" type="0">
      <message>Copying file: 'node_modules\socket.io\node_modules\debug\index.js'</message>
    </entry>
    <entry time="2014-09-22T09:35:20.768653Z" id="84763c46-16a9-4d45-9b88-4e745d4b1abd" type="0">
      <message>Copying file: 'node_modules\socket.io\node_modules\debug\package.json'</message>
    </entry>
    <entry time="2014-09-22T09:35:20.7842777Z" id="7adcabfc-3390-4620-8552-8cfa6efca792" type="0">
      <message>Copying file: 'node_modules\socket.io\node_modules\debug\Readme.md'</message>
    </entry>
    <entry time="2014-09-22T09:35:20.7999031Z" id="12a23c1e-0261-428d-b282-4d9b07fb228d" type="0">
      <message>Copying file: 'node_modules\socket.io\node_modules\debug\lib\debug.js'</message>
    </entry>
    <entry time="2014-09-22T09:35:20.815528Z" id="e5ad9862-8d80-49de-aebd-969cf7ed2f69" type="0">
      <message>Copying file: 'node_modules\socket.io\node_modules\engine.io\.npmignore'</message>
    </entry>
    <entry time="2014-09-22T09:35:20.8311531Z" id="693c2a63-f7e1-4279-90ca-1907ba81f677" type="0">
      <message>Copying file: 'node_modules\socket.io\node_modules\engine.io\.travis.yml'</message>
    </entry>
    <entry time="2014-09-22T09:35:20.8467792Z" id="953e44ff-45d2-4954-b796-6d6d742a79b8" type="0">
      <message>Copying file: 'node_modules\socket.io\node_modules\engine.io\History.md'</message>
    </entry>
    <entry time="2014-09-22T09:35:20.8624048Z" id="bf9a8216-c100-4fb9-abac-a90b00f26620" type="0">
      <message>Copying file: 'node_modules\socket.io\node_modules\engine.io\index.js'</message>
    </entry>
    <entry time="2014-09-22T09:35:20.8780287Z" id="84885e3d-18ed-4fc2-980a-5805ea36d842" type="0">
      <message>Copying file: 'node_modules\socket.io\node_modules\engine.io\Makefile'</message>
    </entry>
    <entry time="2014-09-22T09:35:20.8936528Z" id="cfd14b36-33ce-49d0-a611-908cfa00b068" type="0">
      <message>Copying file: 'node_modules\socket.io\node_modules\engine.io\package.json'</message>
    </entry>
    <entry time="2014-09-22T09:35:20.9092778Z" id="ad4f93a3-c06c-420a-b982-83369bcc138b" type="0">
      <message>Copying file: 'node_modules\socket.io\node_modules\engine.io\README.md'</message>
    </entry>
    <entry time="2014-09-22T09:35:20.9249029Z" id="283e85d6-8e62-46f1-b4f7-5d504af195f3" type="0">
      <message>Copying file: 'node_modules\socket.io\node_modules\engine.io\lib\engine.io.js'</message>
    </entry>
    <entry time="2014-09-22T09:35:20.9405257Z" id="8536516b-282b-4451-aa72-33fa83bb6347" type="0">
      <message>Copying file: 'node_modules\socket.io\node_modules\engine.io\lib\server.js'</message>
    </entry>
    <entry time="2014-09-22T09:35:20.9561513Z" id="aeab62fc-898c-4bbc-b97e-e04826086dce" type="0">
      <message>Copying file: 'node_modules\socket.io\node_modules\engine.io\lib\socket.js'</message>
    </entry>
    <entry time="2014-09-22T09:35:20.9717765Z" id="12721733-aa45-4aeb-8d53-efc87e099173" type="0">
      <message>Copying file: 'node_modules\socket.io\node_modules\engine.io\lib\transport.js'</message>
    </entry>
    <entry time="2014-09-22T09:35:20.9874019Z" id="600ec401-91a7-4ef2-b772-8538cfd1c500" type="0">
      <message>Copying file: 'node_modules\socket.io\node_modules\engine.io\lib\transports\index.js'</message>
    </entry>
    <entry time="2014-09-22T09:35:21.0030277Z" id="eda1e3c7-9b33-4c53-822c-a603e71b9087" type="0">
      <message>Copying file: 'node_modules\socket.io\node_modules\engine.io\lib\transports\polling-jsonp.js'</message>
    </entry>
    <entry time="2014-09-22T09:35:21.0186522Z" id="bc844f1d-514d-4660-93e0-9c6cddc1828b" type="0">
      <message>Copying file: 'node_modules\socket.io\node_modules\engine.io\lib\transports\polling-xhr.js'</message>
    </entry>
    <entry time="2014-09-22T09:35:21.0342777Z" id="eac6b1fd-5af7-4e82-a7f5-d6ce178662b2" type="0">
      <message>Copying file: 'node_modules\socket.io\node_modules\engine.io\lib\transports\polling.js'</message>
    </entry>
    <entry time="2014-09-22T09:35:21.0499015Z" id="3a1910b9-3482-4167-9ed7-e5909168c502" type="0">
      <message>Copying file: 'node_modules\socket.io\node_modules\engine.io\lib\transports\websocket.js'</message>
    </entry>
    <entry time="2014-09-22T09:35:21.0655263Z" id="1418066a-6fd3-4cbb-898c-16d87a7fea34" type="0">
      <message>Copying file: 'node_modules\socket.io\node_modules\engine.io\node_modules\.bin\wscat'</message>
    </entry>
    <entry time="2014-09-22T09:35:21.1124012Z" id="1cab7f15-d4e0-45a4-9ee2-8c4708aaf863" type="0">
      <message>Copying file: 'node_modules\socket.io\node_modules\engine.io\node_modules\.bin\wscat.cmd'</message>
    </entry>
    <entry time="2014-09-22T09:35:21.1593515Z" id="46d7778b-4f0b-44ce-80a1-7d3bdb385039" type="0">
      <message>Copying file: 'node_modules\socket.io\node_modules\engine.io\node_modules\base64id\.npmignore'</message>
    </entry>
    <entry time="2014-09-22T09:35:21.3155666Z" id="5a502296-33a2-4d35-9e58-d831c7ddbda7" type="0">
      <message>Copying file: 'node_modules\socket.io\node_modules\engine.io\node_modules\base64id\package.json'</message>
    </entry>
    <entry time="2014-09-22T09:35:21.3311499Z" id="1fe14eba-5334-4a4a-a29a-b0503b4fac5e" type="0">
      <message>Copying file: 'node_modules\socket.io\node_modules\engine.io\node_modules\base64id\README.md'</message>
    </entry>
    <entry time="2014-09-22T09:35:21.3467743Z" id="61c8e5b8-b25b-44f9-b85d-7ffa05bf24d2" type="0">
      <message>Copying file: 'node_modules\socket.io\node_modules\engine.io\node_modules\base64id\lib\base64id.js'</message>
    </entry>
    <entry time="2014-09-22T09:35:21.3624072Z" id="b47f692f-5e8a-4cdd-b08f-2a15d2d9207f" type="0">
      <message>Copying file: 'node_modules\socket.io\node_modules\engine.io\node_modules\debug\.jshintrc'</message>
    </entry>
    <entry time="2014-09-22T09:35:21.3780241Z" id="d9785dde-05f8-4155-9152-46d9f6a0fffb" type="0">
      <message>Copying file: 'node_modules\socket.io\node_modules\engine.io\node_modules\debug\.npmignore'</message>
    </entry>
    <entry time="2014-09-22T09:35:21.3936491Z" id="eaa4ce59-17c0-449e-9a3a-48065f4abb0b" type="0">
      <message>Omitting next output lines...</message>
    </entry>
    <entry time="2014-09-22T09:35:30.1363782Z" id="eeecc7b9-a868-4f3b-9bdf-76d109ad8f37" type="0">
      <message>Looking for app.js/server.js under site root.</message>
    </entry>
    <entry time="2014-09-22T09:35:30.151994Z" id="9d636363-a2ed-4745-a54b-436e01725def" type="0">
      <message>Using start-up script server.js</message>
    </entry>
    <entry time="2014-09-22T09:35:30.1676217Z" id="19015587-fe44-4c52-b2e3-5f0c480ee128" type="0">
      <message>Generated web.config.</message>
    </entry>
    <entry time="2014-09-22T09:35:30.1832445Z" id="9e8ba0d6-b4f8-45c4-b097-ad060b804574" type="0">
      <message>The package.json file does not specify node.js engine version constraints.</message>
    </entry>
    <entry time="2014-09-22T09:35:30.198871Z" id="b71364e3-f23a-476f-83b6-10f98bda5ba3" type="0">
      <message>The node.js application will run with the default node.js version 0.10.29.</message>
    </entry>
    <entry time="2014-09-22T09:35:31.0894898Z" id="b64b177f-4fa2-4ff8-b616-ac66a6928f81" type="1">
      <message>npm WARN package.json Chat@0.0.0 No repository field.</message>
    </entry>
    <entry time="2014-09-22T09:35:31.82386Z" id="f7665a68-8a5d-448d-8380-168e99f73ec8" type="0">
      <message>Finished successfully.</message>
    </entry>
  </entry>
  <entry time="2014-09-22T09:35:31.9019921Z" id="69eecd2a-0e2e-48b2-be03-2e0cc5bab440" type="0">
    <message>Deployment successful.</message>
  </entry>
</entries>