﻿<?xml version="1.0" encoding="utf-8"?>
<entries>
  <entry time="2014-09-22T10:04:43.9601864Z" id="1795cb2e-7013-41a9-9028-1f05df913b94" type="0">
    <message>Updating branch 'master'.</message>
  </entry>
  <entry time="2014-09-22T10:04:45.0269216Z" id="131e641f-45b6-4f93-ae01-c770bdec47fc" type="0">
    <message>Updating submodules.</message>
  </entry>
  <entry time="2014-09-22T10:04:45.0912425Z" id="b385fd4c-8291-43d2-aa8b-882fb0156dd5" type="0">
    <message>Preparing deployment for commit id '4dca0a1b30'.</message>
  </entry>
  <entry time="2014-09-22T10:04:45.2787555Z" id="7768e0db-a205-4d70-99e8-a91f008514c7" type="0">
    <message>Generating deployment script.</message>
    <entry time="2014-09-22T10:04:45.3268009Z" id="d318cac2-67d8-44e4-87cc-56c2d2ec1336" type="0">
      <message>Using cached version of deployment script (command: 'azure -y --no-dot-deployment -r "D:\home\site\repository" -o "D:\home\site\deployments\tools" --node --sitePath "D:\home\site\repository"').</message>
    </entry>
  </entry>
  <entry time="2014-09-22T10:04:45.3893093Z" id="1472b6cf-4bad-4470-952e-b1c7d08e1a35" type="1">
    <message>Running deployment command...</message>
    <entry time="2014-09-22T10:04:45.3893093Z" id="1ca0572a-9f18-4404-97d5-d5dd4d57d97c" type="0">
      <message>Command: "D:\home\site\deployments\tools\deploy.cmd"</message>
    </entry>
    <entry time="2014-09-22T10:04:45.8586742Z" id="58a91fad-385a-4db7-afb5-72d0e26accdb" type="0">
      <message>Handling node.js deployment.</message>
    </entry>
    <entry time="2014-09-22T10:04:47.5816664Z" id="c44ef733-914a-4f0c-ae5a-acd182a8d827" type="0">
      <message>KuduSync.NET from: 'D:\home\site\repository' to: 'D:\home\site\wwwroot'</message>
    </entry>
    <entry time="2014-09-22T10:04:47.5972684Z" id="13d3777d-bb31-4c4d-b17e-3d597b0cd64c" type="0">
      <message>Copying file: 'server.js'</message>
    </entry>
    <entry time="2014-09-22T10:04:47.7223092Z" id="cad14896-33fa-4300-a759-383cb1b7ae5e" type="0">
      <message>Looking for app.js/server.js under site root.</message>
    </entry>
    <entry time="2014-09-22T10:04:47.7535594Z" id="4deb9245-7b9c-4e7f-8bc8-4bb5fcd92a1b" type="0">
      <message>Using start-up script server.js</message>
    </entry>
    <entry time="2014-09-22T10:04:47.7691834Z" id="3eab931b-9e82-4a33-a8c5-4b1e1a1a7b8d" type="0">
      <message>Generated web.config.</message>
    </entry>
    <entry time="2014-09-22T10:04:47.7848289Z" id="3d2f1215-a468-449f-88d7-9ac798ec3ce5" type="0">
      <message>The package.json file does not specify node.js engine version constraints.</message>
    </entry>
    <entry time="2014-09-22T10:04:47.8004288Z" id="488bdf7e-10de-4c23-858a-69917d7a4902" type="0">
      <message>The node.js application will run with the default node.js version 0.10.29.</message>
    </entry>
    <entry time="2014-09-22T10:04:48.7691959Z" id="697119f3-a899-4942-b170-6c40d9c1f9d8" type="1">
      <message>npm WARN package.json Chat@0.0.0 No repository field.</message>
    </entry>
    <entry time="2014-09-22T10:04:49.581694Z" id="64c6a9f2-7add-42b4-b553-3858a4596f2f" type="0">
      <message>Finished successfully.</message>
    </entry>
  </entry>
  <entry time="2014-09-22T10:04:49.6598208Z" id="5f2d48cf-0439-4319-8125-3e1761ab3b4d" type="0">
    <message>Deployment successful.</message>
  </entry>
</entries>