<Events><Event><System><Provider Name="ModSecurity"/><EventID>0</EventID><Level>0</Level><Task>0</Task><Keywords>Keywords</Keywords><TimeCreated SystemTime="2014-09-19T12:11:14Z"/><EventRecordID>119181187</EventRecordID><Channel>Application</Channel><Computer>RD00155DFC93B7</Computer><Security/></System><EventData><Data>ModSecurity for IIS (STABLE)/2.8.0 (http://www.modsecurity.org/) configured.</Data></EventData></Event><Event><System><Provider Name="ModSecurity"/><EventID>0</EventID><Level>0</Level><Task>0</Task><Keywords>Keywords</Keywords><TimeCreated SystemTime="2014-09-19T12:11:14Z"/><EventRecordID>119181203</EventRecordID><Channel>Application</Channel><Computer>RD00155DFC93B7</Computer><Security/></System><EventData><Data>ModSecurity: APR compiled version="1.4.8"; loaded version="1.4.8"</Data></EventData></Event><Event><System><Provider Name="ModSecurity"/><EventID>0</EventID><Level>0</Level><Task>0</Task><Keywords>Keywords</Keywords><TimeCreated SystemTime="2014-09-19T12:11:14Z"/><EventRecordID>119181218</EventRecordID><Channel>Application</Channel><Computer>RD00155DFC93B7</Computer><Security/></System><EventData><Data>ModSecurity: PCRE compiled version="8.33 "; loaded version="8.33 2013-05-28"</Data></EventData></Event><Event><System><Provider Name="ModSecurity"/><EventID>0</EventID><Level>0</Level><Task>0</Task><Keywords>Keywords</Keywords><TimeCreated SystemTime="2014-09-19T12:11:14Z"/><EventRecordID>119181234</EventRecordID><Channel>Application</Channel><Computer>RD00155DFC93B7</Computer><Security/></System><EventData><Data>ModSecurity: LUA compiled version="Lua 5.1"</Data></EventData></Event><Event><System><Provider Name="ModSecurity"/><EventID>0</EventID><Level>0</Level><Task>0</Task><Keywords>Keywords</Keywords><TimeCreated SystemTime="2014-09-19T12:11:14Z"/><EventRecordID>119181234</EventRecordID><Channel>Application</Channel><Computer>RD00155DFC93B7</Computer><Security/></System><EventData><Data>ModSecurity: LIBXML compiled version="2.9.1"</Data></EventData></Event><Event><System><Provider Name="ModSecurity"/><EventID>0</EventID><Level>0</Level><Task>0</Task><Keywords>Keywords</Keywords><TimeCreated SystemTime="2014-09-19T12:12:40Z"/><EventRecordID>119267062</EventRecordID><Channel>Application</Channel><Computer>RD00155DFC93B7</Computer><Security/></System><EventData><Data>ModSecurity for IIS (STABLE)/2.8.0 (http://www.modsecurity.org/) configured.</Data></EventData></Event><Event><System><Provider Name="ModSecurity"/><EventID>0</EventID><Level>0</Level><Task>0</Task><Keywords>Keywords</Keywords><TimeCreated SystemTime="2014-09-19T12:12:40Z"/><EventRecordID>119267093</EventRecordID><Channel>Application</Channel><Computer>RD00155DFC93B7</Computer><Security/></System><EventData><Data>ModSecurity: LUA compiled version="Lua 5.1"</Data></EventData></Event><Event><System><Provider Name="ModSecurity"/><EventID>0</EventID><Level>0</Level><Task>0</Task><Keywords>Keywords</Keywords><TimeCreated SystemTime="2014-09-19T12:12:40Z"/><EventRecordID>119267109</EventRecordID><Channel>Application</Channel><Computer>RD00155DFC93B7</Computer><Security/></System><EventData><Data>ModSecurity: LIBXML compiled version="2.9.1"</Data></EventData></Event><Event><System><Provider Name="ModSecurity"/><EventID>0</EventID><Level>0</Level><Task>0</Task><Keywords>Keywords</Keywords><TimeCreated SystemTime="2014-09-19T12:13:29Z"/><EventRecordID>119315906</EventRecordID><Channel>Application</Channel><Computer>RD00155DFC93B7</Computer><Security/></System><EventData><Data>ModSecurity for IIS (STABLE)/2.8.0 (http://www.modsecurity.org/) configured.</Data></EventData></Event><Event><System><Provider Name="ModSecurity"/><EventID>0</EventID><Level>0</Level><Task>0</Task><Keywords>Keywords</Keywords><TimeCreated SystemTime="2014-09-19T12:13:29Z"/><EventRecordID>119315921</EventRecordID><Channel>Application</Channel><Computer>RD00155DFC93B7</Computer><Security/></System><EventData><Data>ModSecurity: LUA compiled version="Lua 5.1"</Data></EventData></Event><Event><System><Provider Name="ModSecurity"/><EventID>0</EventID><Level>0</Level><Task>0</Task><Keywords>Keywords</Keywords><TimeCreated SystemTime="2014-09-19T12:13:29Z"/><EventRecordID>119315937</EventRecordID><Channel>Application</Channel><Computer>RD00155DFC93B7</Computer><Security/></System><EventData><Data>ModSecurity: LIBXML compiled version="2.9.1"</Data></EventData></Event><Event><System><Provider Name="ModSecurity"/><EventID>0</EventID><Level>0</Level><Task>0</Task><Keywords>Keywords</Keywords><TimeCreated SystemTime="2014-09-21T08:46:20Z"/><EventRecordID>279691109</EventRecordID><Channel>Application</Channel><Computer>RD00155DFC93B7</Computer><Security/></System><EventData><Data>ModSecurity for IIS (STABLE)/2.8.0 (http://www.modsecurity.org/) configured.</Data></EventData></Event><Event><System><Provider Name="ModSecurity"/><EventID>0</EventID><Level>0</Level><Task>0</Task><Keywords>Keywords</Keywords><TimeCreated SystemTime="2014-09-21T08:46:20Z"/><EventRecordID>279691125</EventRecordID><Channel>Application</Channel><Computer>RD00155DFC93B7</Computer><Security/></System><EventData><Data>ModSecurity: APR compiled version="1.4.8"; loaded version="1.4.8"</Data></EventData></Event><Event><System><Provider Name="ModSecurity"/><EventID>0</EventID><Level>0</Level><Task>0</Task><Keywords>Keywords</Keywords><TimeCreated SystemTime="2014-09-21T08:46:20Z"/><EventRecordID>279691140</EventRecordID><Channel>Application</Channel><Computer>RD00155DFC93B7</Computer><Security/></System><EventData><Data>ModSecurity: PCRE compiled version="8.33 "; loaded version="8.33 2013-05-28"</Data></EventData></Event><Event><System><Provider Name="ModSecurity"/><EventID>0</EventID><Level>0</Level><Task>0</Task><Keywords>Keywords</Keywords><TimeCreated SystemTime="2014-09-21T08:46:20Z"/><EventRecordID>279691140</EventRecordID><Channel>Application</Channel><Computer>RD00155DFC93B7</Computer><Security/></System><EventData><Data>ModSecurity: LUA compiled version="Lua 5.1"</Data></EventData></Event><Event><System><Provider Name="ModSecurity"/><EventID>0</EventID><Level>0</Level><Task>0</Task><Keywords>Keywords</Keywords><TimeCreated SystemTime="2014-09-21T08:46:20Z"/><EventRecordID>279691156</EventRecordID><Channel>Application</Channel><Computer>RD00155DFC93B7</Computer><Security/></System><EventData><Data>ModSecurity: LIBXML compiled version="2.9.1"</Data></EventData></Event><Event><System><Provider Name="ModSecurity"/><EventID>0</EventID><Level>0</Level><Task>0</Task><Keywords>Keywords</Keywords><TimeCreated SystemTime="2014-09-21T08:50:37Z"/><EventRecordID>279948296</EventRecordID><Channel>Application</Channel><Computer>RD00155DFC93B7</Computer><Security/></System><EventData><Data>ModSecurity for IIS (STABLE)/2.8.0 (http://www.modsecurity.org/) configured.</Data></EventData></Event><Event><System><Provider Name="ModSecurity"/><EventID>0</EventID><Level>0</Level><Task>0</Task><Keywords>Keywords</Keywords><TimeCreated SystemTime="2014-09-21T08:50:37Z"/><EventRecordID>279948312</EventRecordID><Channel>Application</Channel><Computer>RD00155DFC93B7</Computer><Security/></System><EventData><Data>ModSecurity: APR compiled version="1.4.8"; loaded version="1.4.8"</Data></EventData></Event><Event><System><Provider Name="ModSecurity"/><EventID>0</EventID><Level>0</Level><Task>0</Task><Keywords>Keywords</Keywords><TimeCreated SystemTime="2014-09-21T08:50:37Z"/><EventRecordID>279948312</EventRecordID><Channel>Application</Channel><Computer>RD00155DFC93B7</Computer><Security/></System><EventData><Data>ModSecurity: PCRE compiled version="8.33 "; loaded version="8.33 2013-05-28"</Data></EventData></Event><Event><System><Provider Name="ModSecurity"/><EventID>0</EventID><Level>0</Level><Task>0</Task><Keywords>Keywords</Keywords><TimeCreated SystemTime="2014-09-21T08:50:37Z"/><EventRecordID>279948328</EventRecordID><Channel>Application</Channel><Computer>RD00155DFC93B7</Computer><Security/></System><EventData><Data>ModSecurity: LUA compiled version="Lua 5.1"</Data></EventData></Event><Event><System><Provider Name="ModSecurity"/><EventID>0</EventID><Level>0</Level><Task>0</Task><Keywords>Keywords</Keywords><TimeCreated SystemTime="2014-09-21T08:50:37Z"/><EventRecordID>279948343</EventRecordID><Channel>Application</Channel><Computer>RD00155DFC93B7</Computer><Security/></System><EventData><Data>ModSecurity: LIBXML compiled version="2.9.1"</Data></EventData></Event><Event><System><Provider Name="ModSecurity"/><EventID>0</EventID><Level>0</Level><Task>0</Task><Keywords>Keywords</Keywords><TimeCreated SystemTime="2014-09-21T09:02:32Z"/><EventRecordID>280662453</EventRecordID><Channel>Application</Channel><Computer>RD00155DFC93B7</Computer><Security/></System><EventData><Data>ModSecurity for IIS (STABLE)/2.8.0 (http://www.modsecurity.org/) configured.</Data></EventData></Event><Event><System><Provider Name="ModSecurity"/><EventID>0</EventID><Level>0</Level><Task>0</Task><Keywords>Keywords</Keywords><TimeCreated SystemTime="2014-09-21T09:02:32Z"/><EventRecordID>280662484</EventRecordID><Channel>Application</Channel><Computer>RD00155DFC93B7</Computer><Security/></System><EventData><Data>ModSecurity: LUA compiled version="Lua 5.1"</Data></EventData></Event><Event><System><Provider Name="ModSecurity"/><EventID>0</EventID><Level>0</Level><Task>0</Task><Keywords>Keywords</Keywords><TimeCreated SystemTime="2014-09-21T09:02:32Z"/><EventRecordID>280662515</EventRecordID><Channel>Application</Channel><Computer>RD00155DFC93B7</Computer><Security/></System><EventData><Data>ModSecurity: LIBXML compiled version="2.9.1"</Data></EventData></Event><Event><System><Provider Name="ModSecurity"/><EventID>0</EventID><Level>0</Level><Task>0</Task><Keywords>Keywords</Keywords><TimeCreated SystemTime="2014-09-21T09:02:51Z"/><EventRecordID>280682390</EventRecordID><Channel>Application</Channel><Computer>RD00155DFC93B7</Computer><Security/></System><EventData><Data>ModSecurity for IIS (STABLE)/2.8.0 (http://www.modsecurity.org/) configured.</Data></EventData></Event><Event><System><Provider Name="ModSecurity"/><EventID>0</EventID><Level>0</Level><Task>0</Task><Keywords>Keywords</Keywords><TimeCreated SystemTime="2014-09-21T09:02:52Z"/><EventRecordID>280682421</EventRecordID><Channel>Application</Channel><Computer>RD00155DFC93B7</Computer><Security/></System><EventData><Data>ModSecurity: LUA compiled version="Lua 5.1"</Data></EventData></Event><Event><System><Provider Name="ModSecurity"/><EventID>0</EventID><Level>0</Level><Task>0</Task><Keywords>Keywords</Keywords><TimeCreated SystemTime="2014-09-21T09:02:52Z"/><EventRecordID>280682437</EventRecordID><Channel>Application</Channel><Computer>RD00155DFC93B7</Computer><Security/></System><EventData><Data>ModSecurity: LIBXML compiled version="2.9.1"</Data></EventData></Event><Event><System><Provider Name="ModSecurity"/><EventID>0</EventID><Level>0</Level><Task>0</Task><Keywords>Keywords</Keywords><TimeCreated SystemTime="2014-09-21T09:04:04Z"/><EventRecordID>280755046</EventRecordID><Channel>Application</Channel><Computer>RD00155DFC93B7</Computer><Security/></System><EventData><Data>ModSecurity for IIS (STABLE)/2.8.0 (http://www.modsecurity.org/) configured.</Data></EventData></Event><Event><System><Provider Name="ModSecurity"/><EventID>0</EventID><Level>0</Level><Task>0</Task><Keywords>Keywords</Keywords><TimeCreated SystemTime="2014-09-21T09:04:04Z"/><EventRecordID>280755078</EventRecordID><Channel>Application</Channel><Computer>RD00155DFC93B7</Computer><Security/></System><EventData><Data>ModSecurity: APR compiled version="1.4.8"; loaded version="1.4.8"</Data></EventData></Event><Event><System><Provider Name="ModSecurity"/><EventID>0</EventID><Level>0</Level><Task>0</Task><Keywords>Keywords</Keywords><TimeCreated SystemTime="2014-09-21T09:04:04Z"/><EventRecordID>280755093</EventRecordID><Channel>Application</Channel><Computer>RD00155DFC93B7</Computer><Security/></System><EventData><Data>ModSecurity: LUA compiled version="Lua 5.1"</Data></EventData></Event><Event><System><Provider Name="ModSecurity"/><EventID>0</EventID><Level>0</Level><Task>0</Task><Keywords>Keywords</Keywords><TimeCreated SystemTime="2014-09-21T09:04:04Z"/><EventRecordID>280755125</EventRecordID><Channel>Application</Channel><Computer>RD00155DFC93B7</Computer><Security/></System><EventData><Data>ModSecurity: LIBXML compiled version="2.9.1"</Data></EventData></Event><Event><System><Provider Name="ModSecurity"/><EventID>0</EventID><Level>0</Level><Task>0</Task><Keywords>Keywords</Keywords><TimeCreated SystemTime="2014-09-21T10:15:07Z"/><EventRecordID>285017593</EventRecordID><Channel>Application</Channel><Computer>RD00155DFC93B7</Computer><Security/></System><EventData><Data>ModSecurity for IIS (STABLE)/2.8.0 (http://www.modsecurity.org/) configured.</Data></EventData></Event><Event><System><Provider Name="ModSecurity"/><EventID>0</EventID><Level>0</Level><Task>0</Task><Keywords>Keywords</Keywords><TimeCreated SystemTime="2014-09-21T10:15:07Z"/><EventRecordID>285017609</EventRecordID><Channel>Application</Channel><Computer>RD00155DFC93B7</Computer><Security/></System><EventData><Data>ModSecurity: APR compiled version="1.4.8"; loaded version="1.4.8"</Data></EventData></Event><Event><System><Provider Name="ModSecurity"/><EventID>0</EventID><Level>0</Level><Task>0</Task><Keywords>Keywords</Keywords><TimeCreated SystemTime="2014-09-21T10:15:07Z"/><EventRecordID>285017640</EventRecordID><Channel>Application</Channel><Computer>RD00155DFC93B7</Computer><Security/></System><EventData><Data>ModSecurity: PCRE compiled version="8.33 "; loaded version="8.33 2013-05-28"</Data></EventData></Event><Event><System><Provider Name="ModSecurity"/><EventID>0</EventID><Level>0</Level><Task>0</Task><Keywords>Keywords</Keywords><TimeCreated SystemTime="2014-09-21T10:15:07Z"/><EventRecordID>285017656</EventRecordID><Channel>Application</Channel><Computer>RD00155DFC93B7</Computer><Security/></System><EventData><Data>ModSecurity: LUA compiled version="Lua 5.1"</Data></EventData></Event><Event><System><Provider Name="ModSecurity"/><EventID>0</EventID><Level>0</Level><Task>0</Task><Keywords>Keywords</Keywords><TimeCreated SystemTime="2014-09-21T10:15:07Z"/><EventRecordID>285017671</EventRecordID><Channel>Application</Channel><Computer>RD00155DFC93B7</Computer><Security/></System><EventData><Data>ModSecurity: LIBXML compiled version="2.9.1"</Data></EventData></Event><Event><System><Provider Name="ModSecurity"/><EventID>0</EventID><Level>0</Level><Task>0</Task><Keywords>Keywords</Keywords><TimeCreated SystemTime="2014-09-21T16:18:08Z"/><EventRecordID>306799906</EventRecordID><Channel>Application</Channel><Computer>RD00155DFC93B7</Computer><Security/></System><EventData><Data>ModSecurity for IIS (STABLE)/2.8.0 (http://www.modsecurity.org/) configured.</Data></EventData></Event><Event><System><Provider Name="ModSecurity"/><EventID>0</EventID><Level>0</Level><Task>0</Task><Keywords>Keywords</Keywords><TimeCreated SystemTime="2014-09-21T16:18:08Z"/><EventRecordID>306799921</EventRecordID><Channel>Application</Channel><Computer>RD00155DFC93B7</Computer><Security/></System><EventData><Data>ModSecurity: APR compiled version="1.4.8"; loaded version="1.4.8"</Data></EventData></Event><Event><System><Provider Name="ModSecurity"/><EventID>0</EventID><Level>0</Level><Task>0</Task><Keywords>Keywords</Keywords><TimeCreated SystemTime="2014-09-21T16:18:09Z"/><EventRecordID>306799953</EventRecordID><Channel>Application</Channel><Computer>RD00155DFC93B7</Computer><Security/></System><EventData><Data>ModSecurity: LUA compiled version="Lua 5.1"</Data></EventData></Event><Event><System><Provider Name="ModSecurity"/><EventID>0</EventID><Level>0</Level><Task>0</Task><Keywords>Keywords</Keywords><TimeCreated SystemTime="2014-09-21T16:18:09Z"/><EventRecordID>306799968</EventRecordID><Channel>Application</Channel><Computer>RD00155DFC93B7</Computer><Security/></System><EventData><Data>ModSecurity: LIBXML compiled version="2.9.1"</Data></EventData></Event><Event><System><Provider Name="ModSecurity"/><EventID>0</EventID><Level>0</Level><Task>0</Task><Keywords>Keywords</Keywords><TimeCreated SystemTime="2014-09-21T16:18:30Z"/><EventRecordID>306821234</EventRecordID><Channel>Application</Channel><Computer>RD00155DFC93B7</Computer><Security/></System><EventData><Data>ModSecurity for IIS (STABLE)/2.8.0 (http://www.modsecurity.org/) configured.</Data></EventData></Event><Event><System><Provider Name="ModSecurity"/><EventID>0</EventID><Level>0</Level><Task>0</Task><Keywords>Keywords</Keywords><TimeCreated SystemTime="2014-09-21T16:18:30Z"/><EventRecordID>306821250</EventRecordID><Channel>Application</Channel><Computer>RD00155DFC93B7</Computer><Security/></System><EventData><Data>ModSecurity: APR compiled version="1.4.8"; loaded version="1.4.8"</Data></EventData></Event><Event><System><Provider Name="ModSecurity"/><EventID>0</EventID><Level>0</Level><Task>0</Task><Keywords>Keywords</Keywords><TimeCreated SystemTime="2014-09-21T16:18:30Z"/><EventRecordID>306821265</EventRecordID><Channel>Application</Channel><Computer>RD00155DFC93B7</Computer><Security/></System><EventData><Data>ModSecurity: PCRE compiled version="8.33 "; loaded version="8.33 2013-05-28"</Data></EventData></Event><Event><System><Provider Name="ModSecurity"/><EventID>0</EventID><Level>0</Level><Task>0</Task><Keywords>Keywords</Keywords><TimeCreated SystemTime="2014-09-21T16:18:30Z"/><EventRecordID>306821296</EventRecordID><Channel>Application</Channel><Computer>RD00155DFC93B7</Computer><Security/></System><EventData><Data>ModSecurity: LUA compiled version="Lua 5.1"</Data></EventData></Event><Event><System><Provider Name="ModSecurity"/><EventID>0</EventID><Level>0</Level><Task>0</Task><Keywords>Keywords</Keywords><TimeCreated SystemTime="2014-09-21T16:18:30Z"/><EventRecordID>306821296</EventRecordID><Channel>Application</Channel><Computer>RD00155DFC93B7</Computer><Security/></System><EventData><Data>ModSecurity: LIBXML compiled version="2.9.1"</Data></EventData></Event><Event><System><Provider Name="ModSecurity"/><EventID>0</EventID><Level>0</Level><Task>0</Task><Keywords>Keywords</Keywords><TimeCreated SystemTime="2014-09-21T16:42:03Z"/><EventRecordID>308234312</EventRecordID><Channel>Application</Channel><Computer>RD00155DFC93B7</Computer><Security/></System><EventData><Data>ModSecurity for IIS (STABLE)/2.8.0 (http://www.modsecurity.org/) configured.</Data></EventData></Event><Event><System><Provider Name="ModSecurity"/><EventID>0</EventID><Level>0</Level><Task>0</Task><Keywords>Keywords</Keywords><TimeCreated SystemTime="2014-09-21T16:42:03Z"/><EventRecordID>308234343</EventRecordID><Channel>Application</Channel><Computer>RD00155DFC93B7</Computer><Security/></System><EventData><Data>ModSecurity: APR compiled version="1.4.8"; loaded version="1.4.8"</Data></EventData></Event><Event><System><Provider Name="ModSecurity"/><EventID>0</EventID><Level>0</Level><Task>0</Task><Keywords>Keywords</Keywords><TimeCreated SystemTime="2014-09-21T16:42:03Z"/><EventRecordID>308234359</EventRecordID><Channel>Application</Channel><Computer>RD00155DFC93B7</Computer><Security/></System><EventData><Data>ModSecurity: LUA compiled version="Lua 5.1"</Data></EventData></Event><Event><System><Provider Name="ModSecurity"/><EventID>0</EventID><Level>0</Level><Task>0</Task><Keywords>Keywords</Keywords><TimeCreated SystemTime="2014-09-21T16:42:03Z"/><EventRecordID>308234390</EventRecordID><Channel>Application</Channel><Computer>RD00155DFC93B7</Computer><Security/></System><EventData><Data>ModSecurity: LIBXML compiled version="2.9.1"</Data></EventData></Event><Event><System><Provider Name="ModSecurity"/><EventID>0</EventID><Level>0</Level><Task>0</Task><Keywords>Keywords</Keywords><TimeCreated SystemTime="2014-09-21T16:42:32Z"/><EventRecordID>308263562</EventRecordID><Channel>Application</Channel><Computer>RD00155DFC93B7</Computer><Security/></System><EventData><Data>ModSecurity for IIS (STABLE)/2.8.0 (http://www.modsecurity.org/) configured.</Data></EventData></Event><Event><System><Provider Name="ModSecurity"/><EventID>0</EventID><Level>0</Level><Task>0</Task><Keywords>Keywords</Keywords><TimeCreated SystemTime="2014-09-21T16:42:32Z"/><EventRecordID>308263578</EventRecordID><Channel>Application</Channel><Computer>RD00155DFC93B7</Computer><Security/></System><EventData><Data>ModSecurity: APR compiled version="1.4.8"; loaded version="1.4.8"</Data></EventData></Event><Event><System><Provider Name="ModSecurity"/><EventID>0</EventID><Level>0</Level><Task>0</Task><Keywords>Keywords</Keywords><TimeCreated SystemTime="2014-09-21T16:42:32Z"/><EventRecordID>308263609</EventRecordID><Channel>Application</Channel><Computer>RD00155DFC93B7</Computer><Security/></System><EventData><Data>ModSecurity: LUA compiled version="Lua 5.1"</Data></EventData></Event><Event><System><Provider Name="ModSecurity"/><EventID>0</EventID><Level>0</Level><Task>0</Task><Keywords>Keywords</Keywords><TimeCreated SystemTime="2014-09-21T16:42:32Z"/><EventRecordID>308263625</EventRecordID><Channel>Application</Channel><Computer>RD00155DFC93B7</Computer><Security/></System><EventData><Data>ModSecurity: LIBXML compiled version="2.9.1"</Data></EventData></Event><Event><System><Provider Name="ModSecurity"/><EventID>0</EventID><Level>0</Level><Task>0</Task><Keywords>Keywords</Keywords><TimeCreated SystemTime="2014-09-21T17:04:25Z"/><EventRecordID>309576484</EventRecordID><Channel>Application</Channel><Computer>RD00155DFC93B7</Computer><Security/></System><EventData><Data>ModSecurity for IIS (STABLE)/2.8.0 (http://www.modsecurity.org/) configured.</Data></EventData></Event><Event><System><Provider Name="ModSecurity"/><EventID>0</EventID><Level>0</Level><Task>0</Task><Keywords>Keywords</Keywords><TimeCreated SystemTime="2014-09-21T17:04:25Z"/><EventRecordID>309576515</EventRecordID><Channel>Application</Channel><Computer>RD00155DFC93B7</Computer><Security/></System><EventData><Data>ModSecurity: APR compiled version="1.4.8"; loaded version="1.4.8"</Data></EventData></Event><Event><System><Provider Name="ModSecurity"/><EventID>0</EventID><Level>0</Level><Task>0</Task><Keywords>Keywords</Keywords><TimeCreated SystemTime="2014-09-21T17:04:25Z"/><EventRecordID>309576531</EventRecordID><Channel>Application</Channel><Computer>RD00155DFC93B7</Computer><Security/></System><EventData><Data>ModSecurity: PCRE compiled version="8.33 "; loaded version="8.33 2013-05-28"</Data></EventData></Event><Event><System><Provider Name="ModSecurity"/><EventID>0</EventID><Level>0</Level><Task>0</Task><Keywords>Keywords</Keywords><TimeCreated SystemTime="2014-09-21T17:04:25Z"/><EventRecordID>309576562</EventRecordID><Channel>Application</Channel><Computer>RD00155DFC93B7</Computer><Security/></System><EventData><Data>ModSecurity: LUA compiled version="Lua 5.1"</Data></EventData></Event><Event><System><Provider Name="ModSecurity"/><EventID>0</EventID><Level>0</Level><Task>0</Task><Keywords>Keywords</Keywords><TimeCreated SystemTime="2014-09-21T17:04:25Z"/><EventRecordID>309576593</EventRecordID><Channel>Application</Channel><Computer>RD00155DFC93B7</Computer><Security/></System><EventData><Data>ModSecurity: LIBXML compiled version="2.9.1"</Data></EventData></Event><Event><System><Provider Name="ModSecurity"/><EventID>0</EventID><Level>0</Level><Task>0</Task><Keywords>Keywords</Keywords><TimeCreated SystemTime="2014-09-21T17:07:24Z"/><EventRecordID>309755578</EventRecordID><Channel>Application</Channel><Computer>RD00155DFC93B7</Computer><Security/></System><EventData><Data>ModSecurity for IIS (STABLE)/2.8.0 (http://www.modsecurity.org/) configured.</Data></EventData></Event><Event><System><Provider Name="ModSecurity"/><EventID>0</EventID><Level>0</Level><Task>0</Task><Keywords>Keywords</Keywords><TimeCreated SystemTime="2014-09-21T17:07:24Z"/><EventRecordID>309755609</EventRecordID><Channel>Application</Channel><Computer>RD00155DFC93B7</Computer><Security/></System><EventData><Data>ModSecurity: LUA compiled version="Lua 5.1"</Data></EventData></Event><Event><System><Provider Name="ModSecurity"/><EventID>0</EventID><Level>0</Level><Task>0</Task><Keywords>Keywords</Keywords><TimeCreated SystemTime="2014-09-21T17:07:24Z"/><EventRecordID>309755625</EventRecordID><Channel>Application</Channel><Computer>RD00155DFC93B7</Computer><Security/></System><EventData><Data>ModSecurity: LIBXML compiled version="2.9.1"</Data></EventData></Event><Event><System><Provider Name="ModSecurity"/><EventID>0</EventID><Level>0</Level><Task>0</Task><Keywords>Keywords</Keywords><TimeCreated SystemTime="2014-09-21T17:11:52Z"/><EventRecordID>310023812</EventRecordID><Channel>Application</Channel><Computer>RD00155DFC93B7</Computer><Security/></System><EventData><Data>ModSecurity for IIS (STABLE)/2.8.0 (http://www.modsecurity.org/) configured.</Data></EventData></Event><Event><System><Provider Name="ModSecurity"/><EventID>0</EventID><Level>0</Level><Task>0</Task><Keywords>Keywords</Keywords><TimeCreated SystemTime="2014-09-21T17:11:52Z"/><EventRecordID>310023859</EventRecordID><Channel>Application</Channel><Computer>RD00155DFC93B7</Computer><Security/></System><EventData><Data>ModSecurity: APR compiled version="1.4.8"; loaded version="1.4.8"</Data></EventData></Event><Event><System><Provider Name="ModSecurity"/><EventID>0</EventID><Level>0</Level><Task>0</Task><Keywords>Keywords</Keywords><TimeCreated SystemTime="2014-09-21T17:11:52Z"/><EventRecordID>310023890</EventRecordID><Channel>Application</Channel><Computer>RD00155DFC93B7</Computer><Security/></System><EventData><Data>ModSecurity: PCRE compiled version="8.33 "; loaded version="8.33 2013-05-28"</Data></EventData></Event><Event><System><Provider Name="ModSecurity"/><EventID>0</EventID><Level>0</Level><Task>0</Task><Keywords>Keywords</Keywords><TimeCreated SystemTime="2014-09-21T17:11:52Z"/><EventRecordID>310023906</EventRecordID><Channel>Application</Channel><Computer>RD00155DFC93B7</Computer><Security/></System><EventData><Data>ModSecurity: LUA compiled version="Lua 5.1"</Data></EventData></Event><Event><System><Provider Name="ModSecurity"/><EventID>0</EventID><Level>0</Level><Task>0</Task><Keywords>Keywords</Keywords><TimeCreated SystemTime="2014-09-21T17:11:52Z"/><EventRecordID>310023937</EventRecordID><Channel>Application</Channel><Computer>RD00155DFC93B7</Computer><Security/></System><EventData><Data>ModSecurity: LIBXML compiled version="2.9.1"</Data></EventData></Event><Event><System><Provider Name="ModSecurity"/><EventID>0</EventID><Level>0</Level><Task>0</Task><Keywords>Keywords</Keywords><TimeCreated SystemTime="2014-09-21T17:12:37Z"/><EventRecordID>310068171</EventRecordID><Channel>Application</Channel><Computer>RD00155DFC93B7</Computer><Security/></System><EventData><Data>ModSecurity for IIS (STABLE)/2.8.0 (http://www.modsecurity.org/) configured.</Data></EventData></Event><Event><System><Provider Name="ModSecurity"/><EventID>0</EventID><Level>0</Level><Task>0</Task><Keywords>Keywords</Keywords><TimeCreated SystemTime="2014-09-21T17:12:37Z"/><EventRecordID>310068187</EventRecordID><Channel>Application</Channel><Computer>RD00155DFC93B7</Computer><Security/></System><EventData><Data>ModSecurity: APR compiled version="1.4.8"; loaded version="1.4.8"</Data></EventData></Event><Event><System><Provider Name="ModSecurity"/><EventID>0</EventID><Level>0</Level><Task>0</Task><Keywords>Keywords</Keywords><TimeCreated SystemTime="2014-09-21T17:12:37Z"/><EventRecordID>310068218</EventRecordID><Channel>Application</Channel><Computer>RD00155DFC93B7</Computer><Security/></System><EventData><Data>ModSecurity: LUA compiled version="Lua 5.1"</Data></EventData></Event><Event><System><Provider Name="ModSecurity"/><EventID>0</EventID><Level>0</Level><Task>0</Task><Keywords>Keywords</Keywords><TimeCreated SystemTime="2014-09-21T17:12:37Z"/><EventRecordID>310068234</EventRecordID><Channel>Application</Channel><Computer>RD00155DFC93B7</Computer><Security/></System><EventData><Data>ModSecurity: LIBXML compiled version="2.9.1"</Data></EventData></Event><Event><System><Provider Name="ModSecurity"/><EventID>0</EventID><Level>0</Level><Task>0</Task><Keywords>Keywords</Keywords><TimeCreated SystemTime="2014-09-21T17:14:07Z"/><EventRecordID>310158218</EventRecordID><Channel>Application</Channel><Computer>RD00155DFC93B7</Computer><Security/></System><EventData><Data>ModSecurity for IIS (STABLE)/2.8.0 (http://www.modsecurity.org/) configured.</Data></EventData></Event><Event><System><Provider Name="ModSecurity"/><EventID>0</EventID><Level>0</Level><Task>0</Task><Keywords>Keywords</Keywords><TimeCreated SystemTime="2014-09-21T17:14:07Z"/><EventRecordID>310158250</EventRecordID><Channel>Application</Channel><Computer>RD00155DFC93B7</Computer><Security/></System><EventData><Data>ModSecurity: APR compiled version="1.4.8"; loaded version="1.4.8"</Data></EventData></Event><Event><System><Provider Name="ModSecurity"/><EventID>0</EventID><Level>0</Level><Task>0</Task><Keywords>Keywords</Keywords><TimeCreated SystemTime="2014-09-21T17:14:07Z"/><EventRecordID>310158281</EventRecordID><Channel>Application</Channel><Computer>RD00155DFC93B7</Computer><Security/></System><EventData><Data>ModSecurity: PCRE compiled version="8.33 "; loaded version="8.33 2013-05-28"</Data></EventData></Event><Event><System><Provider Name="ModSecurity"/><EventID>0</EventID><Level>0</Level><Task>0</Task><Keywords>Keywords</Keywords><TimeCreated SystemTime="2014-09-21T17:14:07Z"/><EventRecordID>310158312</EventRecordID><Channel>Application</Channel><Computer>RD00155DFC93B7</Computer><Security/></System><EventData><Data>ModSecurity: LUA compiled version="Lua 5.1"</Data></EventData></Event><Event><System><Provider Name="ModSecurity"/><EventID>0</EventID><Level>0</Level><Task>0</Task><Keywords>Keywords</Keywords><TimeCreated SystemTime="2014-09-21T17:14:07Z"/><EventRecordID>310158343</EventRecordID><Channel>Application</Channel><Computer>RD00155DFC93B7</Computer><Security/></System><EventData><Data>ModSecurity: LIBXML compiled version="2.9.1"</Data></EventData></Event><Event><System><Provider Name="ModSecurity"/><EventID>0</EventID><Level>0</Level><Task>0</Task><Keywords>Keywords</Keywords><TimeCreated SystemTime="2014-09-21T17:24:30Z"/><EventRecordID>310781750</EventRecordID><Channel>Application</Channel><Computer>RD00155DFC93B7</Computer><Security/></System><EventData><Data>ModSecurity for IIS (STABLE)/2.8.0 (http://www.modsecurity.org/) configured.</Data></EventData></Event><Event><System><Provider Name="ModSecurity"/><EventID>0</EventID><Level>0</Level><Task>0</Task><Keywords>Keywords</Keywords><TimeCreated SystemTime="2014-09-21T17:24:30Z"/><EventRecordID>310781781</EventRecordID><Channel>Application</Channel><Computer>RD00155DFC93B7</Computer><Security/></System><EventData><Data>ModSecurity: LUA compiled version="Lua 5.1"</Data></EventData></Event><Event><System><Provider Name="ModSecurity"/><EventID>0</EventID><Level>0</Level><Task>0</Task><Keywords>Keywords</Keywords><TimeCreated SystemTime="2014-09-21T17:24:30Z"/><EventRecordID>310781812</EventRecordID><Channel>Application</Channel><Computer>RD00155DFC93B7</Computer><Security/></System><EventData><Data>ModSecurity: LIBXML compiled version="2.9.1"</Data></EventData></Event><Event><System><Provider Name="ModSecurity"/><EventID>0</EventID><Level>0</Level><Task>0</Task><Keywords>Keywords</Keywords><TimeCreated SystemTime="2014-09-21T17:24:36Z"/><EventRecordID>310787921</EventRecordID><Channel>Application</Channel><Computer>RD00155DFC93B7</Computer><Security/></System><EventData><Data>ModSecurity for IIS (STABLE)/2.8.0 (http://www.modsecurity.org/) configured.</Data></EventData></Event><Event><System><Provider Name="ModSecurity"/><EventID>0</EventID><Level>0</Level><Task>0</Task><Keywords>Keywords</Keywords><TimeCreated SystemTime="2014-09-21T17:24:36Z"/><EventRecordID>310787953</EventRecordID><Channel>Application</Channel><Computer>RD00155DFC93B7</Computer><Security/></System><EventData><Data>ModSecurity: APR compiled version="1.4.8"; loaded version="1.4.8"</Data></EventData></Event><Event><System><Provider Name="ModSecurity"/><EventID>0</EventID><Level>0</Level><Task>0</Task><Keywords>Keywords</Keywords><TimeCreated SystemTime="2014-09-21T17:24:36Z"/><EventRecordID>310787984</EventRecordID><Channel>Application</Channel><Computer>RD00155DFC93B7</Computer><Security/></System><EventData><Data>ModSecurity: LUA compiled version="Lua 5.1"</Data></EventData></Event><Event><System><Provider Name="ModSecurity"/><EventID>0</EventID><Level>0</Level><Task>0</Task><Keywords>Keywords</Keywords><TimeCreated SystemTime="2014-09-21T17:24:36Z"/><EventRecordID>310788015</EventRecordID><Channel>Application</Channel><Computer>RD00155DFC93B7</Computer><Security/></System><EventData><Data>ModSecurity: LIBXML compiled version="2.9.1"</Data></EventData></Event><Event><System><Provider Name="ModSecurity"/><EventID>0</EventID><Level>0</Level><Task>0</Task><Keywords>Keywords</Keywords><TimeCreated SystemTime="2014-09-21T17:25:08Z"/><EventRecordID>310819953</EventRecordID><Channel>Application</Channel><Computer>RD00155DFC93B7</Computer><Security/></System><EventData><Data>ModSecurity for IIS (STABLE)/2.8.0 (http://www.modsecurity.org/) configured.</Data></EventData></Event><Event><System><Provider Name="ModSecurity"/><EventID>0</EventID><Level>0</Level><Task>0</Task><Keywords>Keywords</Keywords><TimeCreated SystemTime="2014-09-21T17:25:08Z"/><EventRecordID>310819984</EventRecordID><Channel>Application</Channel><Computer>RD00155DFC93B7</Computer><Security/></System><EventData><Data>ModSecurity: APR compiled version="1.4.8"; loaded version="1.4.8"</Data></EventData></Event><Event><System><Provider Name="ModSecurity"/><EventID>0</EventID><Level>0</Level><Task>0</Task><Keywords>Keywords</Keywords><TimeCreated SystemTime="2014-09-21T17:25:08Z"/><EventRecordID>310820015</EventRecordID><Channel>Application</Channel><Computer>RD00155DFC93B7</Computer><Security/></System><EventData><Data>ModSecurity: PCRE compiled version="8.33 "; loaded version="8.33 2013-05-28"</Data></EventData></Event><Event><System><Provider Name="ModSecurity"/><EventID>0</EventID><Level>0</Level><Task>0</Task><Keywords>Keywords</Keywords><TimeCreated SystemTime="2014-09-21T17:25:09Z"/><EventRecordID>310820046</EventRecordID><Channel>Application</Channel><Computer>RD00155DFC93B7</Computer><Security/></System><EventData><Data>ModSecurity: LUA compiled version="Lua 5.1"</Data></EventData></Event><Event><System><Provider Name="ModSecurity"/><EventID>0</EventID><Level>0</Level><Task>0</Task><Keywords>Keywords</Keywords><TimeCreated SystemTime="2014-09-21T17:25:09Z"/><EventRecordID>310820078</EventRecordID><Channel>Application</Channel><Computer>RD00155DFC93B7</Computer><Security/></System><EventData><Data>ModSecurity: LIBXML compiled version="2.9.1"</Data></EventData></Event><Event><System><Provider Name="ModSecurity"/><EventID>0</EventID><Level>0</Level><Task>0</Task><Keywords>Keywords</Keywords><TimeCreated SystemTime="2014-09-21T17:25:12Z"/><EventRecordID>310823515</EventRecordID><Channel>Application</Channel><Computer>RD00155DFC93B7</Computer><Security/></System><EventData><Data>ModSecurity for IIS (STABLE)/2.8.0 (http://www.modsecurity.org/) configured.</Data></EventData></Event><Event><System><Provider Name="ModSecurity"/><EventID>0</EventID><Level>0</Level><Task>0</Task><Keywords>Keywords</Keywords><TimeCreated SystemTime="2014-09-21T17:25:12Z"/><EventRecordID>310823531</EventRecordID><Channel>Application</Channel><Computer>RD00155DFC93B7</Computer><Security/></System><EventData><Data>ModSecurity: APR compiled version="1.4.8"; loaded version="1.4.8"</Data></EventData></Event><Event><System><Provider Name="ModSecurity"/><EventID>0</EventID><Level>0</Level><Task>0</Task><Keywords>Keywords</Keywords><TimeCreated SystemTime="2014-09-21T17:25:12Z"/><EventRecordID>310823562</EventRecordID><Channel>Application</Channel><Computer>RD00155DFC93B7</Computer><Security/></System><EventData><Data>ModSecurity: PCRE compiled version="8.33 "; loaded version="8.33 2013-05-28"</Data></EventData></Event><Event><System><Provider Name="ModSecurity"/><EventID>0</EventID><Level>0</Level><Task>0</Task><Keywords>Keywords</Keywords><TimeCreated SystemTime="2014-09-21T17:25:12Z"/><EventRecordID>310823578</EventRecordID><Channel>Application</Channel><Computer>RD00155DFC93B7</Computer><Security/></System><EventData><Data>ModSecurity: LUA compiled version="Lua 5.1"</Data></EventData></Event><Event><System><Provider Name="ModSecurity"/><EventID>0</EventID><Level>0</Level><Task>0</Task><Keywords>Keywords</Keywords><TimeCreated SystemTime="2014-09-21T17:25:12Z"/><EventRecordID>310823609</EventRecordID><Channel>Application</Channel><Computer>RD00155DFC93B7</Computer><Security/></System><EventData><Data>ModSecurity: LIBXML compiled version="2.9.1"</Data></EventData></Event><Event><System><Provider Name="ModSecurity"/><EventID>0</EventID><Level>0</Level><Task>0</Task><Keywords>Keywords</Keywords><TimeCreated SystemTime="2014-09-21T17:25:41Z"/><EventRecordID>310852250</EventRecordID><Channel>Application</Channel><Computer>RD00155DFC93B7</Computer><Security/></System><EventData><Data>ModSecurity for IIS (STABLE)/2.8.0 (http://www.modsecurity.org/) configured.</Data></EventData></Event><Event><System><Provider Name="ModSecurity"/><EventID>0</EventID><Level>0</Level><Task>0</Task><Keywords>Keywords</Keywords><TimeCreated SystemTime="2014-09-21T17:25:41Z"/><EventRecordID>310852296</EventRecordID><Channel>Application</Channel><Computer>RD00155DFC93B7</Computer><Security/></System><EventData><Data>ModSecurity: LUA compiled version="Lua 5.1"</Data></EventData></Event><Event><System><Provider Name="ModSecurity"/><EventID>0</EventID><Level>0</Level><Task>0</Task><Keywords>Keywords</Keywords><TimeCreated SystemTime="2014-09-21T17:25:41Z"/><EventRecordID>310852328</EventRecordID><Channel>Application</Channel><Computer>RD00155DFC93B7</Computer><Security/></System><EventData><Data>ModSecurity: LIBXML compiled version="2.9.1"</Data></EventData></Event><Event><System><Provider Name="ModSecurity"/><EventID>0</EventID><Level>0</Level><Task>0</Task><Keywords>Keywords</Keywords><TimeCreated SystemTime="2014-09-21T17:27:21Z"/><EventRecordID>310952203</EventRecordID><Channel>Application</Channel><Computer>RD00155DFC93B7</Computer><Security/></System><EventData><Data>ModSecurity for IIS (STABLE)/2.8.0 (http://www.modsecurity.org/) configured.</Data></EventData></Event><Event><System><Provider Name="ModSecurity"/><EventID>0</EventID><Level>0</Level><Task>0</Task><Keywords>Keywords</Keywords><TimeCreated SystemTime="2014-09-21T17:27:22Z"/><EventRecordID>310953203</EventRecordID><Channel>Application</Channel><Computer>RD00155DFC93B7</Computer><Security/></System><EventData><Data>ModSecurity: APR compiled version="1.4.8"; loaded version="1.4.8"</Data></EventData></Event><Event><System><Provider Name="ModSecurity"/><EventID>0</EventID><Level>0</Level><Task>0</Task><Keywords>Keywords</Keywords><TimeCreated SystemTime="2014-09-21T17:27:22Z"/><EventRecordID>310953234</EventRecordID><Channel>Application</Channel><Computer>RD00155DFC93B7</Computer><Security/></System><EventData><Data>ModSecurity: PCRE compiled version="8.33 "; loaded version="8.33 2013-05-28"</Data></EventData></Event><Event><System><Provider Name="ModSecurity"/><EventID>0</EventID><Level>0</Level><Task>0</Task><Keywords>Keywords</Keywords><TimeCreated SystemTime="2014-09-21T17:27:22Z"/><EventRecordID>310953265</EventRecordID><Channel>Application</Channel><Computer>RD00155DFC93B7</Computer><Security/></System><EventData><Data>ModSecurity: LUA compiled version="Lua 5.1"</Data></EventData></Event><Event><System><Provider Name="ModSecurity"/><EventID>0</EventID><Level>0</Level><Task>0</Task><Keywords>Keywords</Keywords><TimeCreated SystemTime="2014-09-21T17:27:22Z"/><EventRecordID>310953296</EventRecordID><Channel>Application</Channel><Computer>RD00155DFC93B7</Computer><Security/></System><EventData><Data>ModSecurity: LIBXML compiled version="2.9.1"</Data></EventData></Event><Event><System><Provider Name="ModSecurity"/><EventID>0</EventID><Level>0</Level><Task>0</Task><Keywords>Keywords</Keywords><TimeCreated SystemTime="2014-09-21T17:33:43Z"/><EventRecordID>311334671</EventRecordID><Channel>Application</Channel><Computer>RD00155DFC93B7</Computer><Security/></System><EventData><Data>ModSecurity for IIS (STABLE)/2.8.0 (http://www.modsecurity.org/) configured.</Data></EventData></Event><Event><System><Provider Name="ModSecurity"/><EventID>0</EventID><Level>0</Level><Task>0</Task><Keywords>Keywords</Keywords><TimeCreated SystemTime="2014-09-21T17:33:43Z"/><EventRecordID>311334718</EventRecordID><Channel>Application</Channel><Computer>RD00155DFC93B7</Computer><Security/></System><EventData><Data>ModSecurity: APR compiled version="1.4.8"; loaded version="1.4.8"</Data></EventData></Event><Event><System><Provider Name="ModSecurity"/><EventID>0</EventID><Level>0</Level><Task>0</Task><Keywords>Keywords</Keywords><TimeCreated SystemTime="2014-09-21T17:33:43Z"/><EventRecordID>311334750</EventRecordID><Channel>Application</Channel><Computer>RD00155DFC93B7</Computer><Security/></System><EventData><Data>ModSecurity: LUA compiled version="Lua 5.1"</Data></EventData></Event><Event><System><Provider Name="ModSecurity"/><EventID>0</EventID><Level>0</Level><Task>0</Task><Keywords>Keywords</Keywords><TimeCreated SystemTime="2014-09-21T17:33:43Z"/><EventRecordID>311334781</EventRecordID><Channel>Application</Channel><Computer>RD00155DFC93B7</Computer><Security/></System><EventData><Data>ModSecurity: LIBXML compiled version="2.9.1"</Data></EventData></Event><Event><System><Provider Name="ModSecurity"/><EventID>0</EventID><Level>0</Level><Task>0</Task><Keywords>Keywords</Keywords><TimeCreated SystemTime="2014-09-21T17:48:57Z"/><EventRecordID>312249031</EventRecordID><Channel>Application</Channel><Computer>RD00155DFC93B7</Computer><Security/></System><EventData><Data>ModSecurity for IIS (STABLE)/2.8.0 (http://www.modsecurity.org/) configured.</Data></EventData></Event><Event><System><Provider Name="ModSecurity"/><EventID>0</EventID><Level>0</Level><Task>0</Task><Keywords>Keywords</Keywords><TimeCreated SystemTime="2014-09-21T17:48:58Z"/><EventRecordID>312249078</EventRecordID><Channel>Application</Channel><Computer>RD00155DFC93B7</Computer><Security/></System><EventData><Data>ModSecurity: LUA compiled version="Lua 5.1"</Data></EventData></Event><Event><System><Provider Name="ModSecurity"/><EventID>0</EventID><Level>0</Level><Task>0</Task><Keywords>Keywords</Keywords><TimeCreated SystemTime="2014-09-21T17:48:58Z"/><EventRecordID>312249109</EventRecordID><Channel>Application</Channel><Computer>RD00155DFC93B7</Computer><Security/></System><EventData><Data>ModSecurity: LIBXML compiled version="2.9.1"</Data></EventData></Event><Event><System><Provider Name="ModSecurity"/><EventID>0</EventID><Level>0</Level><Task>0</Task><Keywords>Keywords</Keywords><TimeCreated SystemTime="2014-09-21T17:49:31Z"/><EventRecordID>312282609</EventRecordID><Channel>Application</Channel><Computer>RD00155DFC93B7</Computer><Security/></System><EventData><Data>ModSecurity for IIS (STABLE)/2.8.0 (http://www.modsecurity.org/) configured.</Data></EventData></Event><Event><System><Provider Name="ModSecurity"/><EventID>0</EventID><Level>0</Level><Task>0</Task><Keywords>Keywords</Keywords><TimeCreated SystemTime="2014-09-21T17:49:31Z"/><EventRecordID>312282656</EventRecordID><Channel>Application</Channel><Computer>RD00155DFC93B7</Computer><Security/></System><EventData><Data>ModSecurity: APR compiled version="1.4.8"; loaded version="1.4.8"</Data></EventData></Event><Event><System><Provider Name="ModSecurity"/><EventID>0</EventID><Level>0</Level><Task>0</Task><Keywords>Keywords</Keywords><TimeCreated SystemTime="2014-09-21T17:49:31Z"/><EventRecordID>312282687</EventRecordID><Channel>Application</Channel><Computer>RD00155DFC93B7</Computer><Security/></System><EventData><Data>ModSecurity: LUA compiled version="Lua 5.1"</Data></EventData></Event><Event><System><Provider Name="ModSecurity"/><EventID>0</EventID><Level>0</Level><Task>0</Task><Keywords>Keywords</Keywords><TimeCreated SystemTime="2014-09-21T17:49:31Z"/><EventRecordID>312282718</EventRecordID><Channel>Application</Channel><Computer>RD00155DFC93B7</Computer><Security/></System><EventData><Data>ModSecurity: LIBXML compiled version="2.9.1"</Data></EventData></Event><Event><System><Provider Name="ModSecurity"/><EventID>0</EventID><Level>0</Level><Task>0</Task><Keywords>Keywords</Keywords><TimeCreated SystemTime="2014-09-21T17:51:58Z"/><EventRecordID>312430031</EventRecordID><Channel>Application</Channel><Computer>RD00155DFC93B7</Computer><Security/></System><EventData><Data>ModSecurity for IIS (STABLE)/2.8.0 (http://www.modsecurity.org/) configured.</Data></EventData></Event><Event><System><Provider Name="ModSecurity"/><EventID>0</EventID><Level>0</Level><Task>0</Task><Keywords>Keywords</Keywords><TimeCreated SystemTime="2014-09-21T17:51:59Z"/><EventRecordID>312430078</EventRecordID><Channel>Application</Channel><Computer>RD00155DFC93B7</Computer><Security/></System><EventData><Data>ModSecurity: LUA compiled version="Lua 5.1"</Data></EventData></Event><Event><System><Provider Name="ModSecurity"/><EventID>0</EventID><Level>0</Level><Task>0</Task><Keywords>Keywords</Keywords><TimeCreated SystemTime="2014-09-21T17:51:59Z"/><EventRecordID>312430109</EventRecordID><Channel>Application</Channel><Computer>RD00155DFC93B7</Computer><Security/></System><EventData><Data>ModSecurity: LIBXML compiled version="2.9.1"</Data></EventData></Event><Event><System><Provider Name="ModSecurity"/><EventID>0</EventID><Level>0</Level><Task>0</Task><Keywords>Keywords</Keywords><TimeCreated SystemTime="2014-09-21T17:52:19Z"/><EventRecordID>312450406</EventRecordID><Channel>Application</Channel><Computer>RD00155DFC93B7</Computer><Security/></System><EventData><Data>ModSecurity for IIS (STABLE)/2.8.0 (http://www.modsecurity.org/) configured.</Data></EventData></Event><Event><System><Provider Name="ModSecurity"/><EventID>0</EventID><Level>0</Level><Task>0</Task><Keywords>Keywords</Keywords><TimeCreated SystemTime="2014-09-21T17:52:19Z"/><EventRecordID>312450437</EventRecordID><Channel>Application</Channel><Computer>RD00155DFC93B7</Computer><Security/></System><EventData><Data>ModSecurity: APR compiled version="1.4.8"; loaded version="1.4.8"</Data></EventData></Event><Event><System><Provider Name="ModSecurity"/><EventID>0</EventID><Level>0</Level><Task>0</Task><Keywords>Keywords</Keywords><TimeCreated SystemTime="2014-09-21T17:52:19Z"/><EventRecordID>312450468</EventRecordID><Channel>Application</Channel><Computer>RD00155DFC93B7</Computer><Security/></System><EventData><Data>ModSecurity: LUA compiled version="Lua 5.1"</Data></EventData></Event><Event><System><Provider Name="ModSecurity"/><EventID>0</EventID><Level>0</Level><Task>0</Task><Keywords>Keywords</Keywords><TimeCreated SystemTime="2014-09-21T17:52:19Z"/><EventRecordID>312450500</EventRecordID><Channel>Application</Channel><Computer>RD00155DFC93B7</Computer><Security/></System><EventData><Data>ModSecurity: LIBXML compiled version="2.9.1"</Data></EventData></Event><Event><System><Provider Name="ModSecurity"/><EventID>0</EventID><Level>0</Level><Task>0</Task><Keywords>Keywords</Keywords><TimeCreated SystemTime="2014-09-21T17:56:30Z"/><EventRecordID>312701234</EventRecordID><Channel>Application</Channel><Computer>RD00155DFC93B7</Computer><Security/></System><EventData><Data>ModSecurity for IIS (STABLE)/2.8.0 (http://www.modsecurity.org/) configured.</Data></EventData></Event><Event><System><Provider Name="ModSecurity"/><EventID>0</EventID><Level>0</Level><Task>0</Task><Keywords>Keywords</Keywords><TimeCreated SystemTime="2014-09-21T17:56:30Z"/><EventRecordID>312701265</EventRecordID><Channel>Application</Channel><Computer>RD00155DFC93B7</Computer><Security/></System><EventData><Data>ModSecurity: APR compiled version="1.4.8"; loaded version="1.4.8"</Data></EventData></Event><Event><System><Provider Name="ModSecurity"/><EventID>0</EventID><Level>0</Level><Task>0</Task><Keywords>Keywords</Keywords><TimeCreated SystemTime="2014-09-21T17:56:30Z"/><EventRecordID>312701312</EventRecordID><Channel>Application</Channel><Computer>RD00155DFC93B7</Computer><Security/></System><EventData><Data>ModSecurity: LUA compiled version="Lua 5.1"</Data></EventData></Event><Event><System><Provider Name="ModSecurity"/><EventID>0</EventID><Level>0</Level><Task>0</Task><Keywords>Keywords</Keywords><TimeCreated SystemTime="2014-09-21T17:56:30Z"/><EventRecordID>312701343</EventRecordID><Channel>Application</Channel><Computer>RD00155DFC93B7</Computer><Security/></System><EventData><Data>ModSecurity: LIBXML compiled version="2.9.1"</Data></EventData></Event><Event><System><Provider Name="ModSecurity"/><EventID>0</EventID><Level>0</Level><Task>0</Task><Keywords>Keywords</Keywords><TimeCreated SystemTime="2014-09-21T17:56:30Z"/><EventRecordID>312701687</EventRecordID><Channel>Application</Channel><Computer>RD00155DFC93B7</Computer><Security/></System><EventData><Data>ModSecurity for IIS (STABLE)/2.8.0 (http://www.modsecurity.org/) configured.</Data></EventData></Event><Event><System><Provider Name="ModSecurity"/><EventID>0</EventID><Level>0</Level><Task>0</Task><Keywords>Keywords</Keywords><TimeCreated SystemTime="2014-09-21T17:56:30Z"/><EventRecordID>312701718</EventRecordID><Channel>Application</Channel><Computer>RD00155DFC93B7</Computer><Security/></System><EventData><Data>ModSecurity: APR compiled version="1.4.8"; loaded version="1.4.8"</Data></EventData></Event><Event><System><Provider Name="ModSecurity"/><EventID>0</EventID><Level>0</Level><Task>0</Task><Keywords>Keywords</Keywords><TimeCreated SystemTime="2014-09-21T17:56:30Z"/><EventRecordID>312701765</EventRecordID><Channel>Application</Channel><Computer>RD00155DFC93B7</Computer><Security/></System><EventData><Data>ModSecurity: PCRE compiled version="8.33 "; loaded version="8.33 2013-05-28"</Data></EventData></Event><Event><System><Provider Name="ModSecurity"/><EventID>0</EventID><Level>0</Level><Task>0</Task><Keywords>Keywords</Keywords><TimeCreated SystemTime="2014-09-21T17:56:30Z"/><EventRecordID>312701796</EventRecordID><Channel>Application</Channel><Computer>RD00155DFC93B7</Computer><Security/></System><EventData><Data>ModSecurity: LUA compiled version="Lua 5.1"</Data></EventData></Event><Event><System><Provider Name="ModSecurity"/><EventID>0</EventID><Level>0</Level><Task>0</Task><Keywords>Keywords</Keywords><TimeCreated SystemTime="2014-09-21T17:56:30Z"/><EventRecordID>312701859</EventRecordID><Channel>Application</Channel><Computer>RD00155DFC93B7</Computer><Security/></System><EventData><Data>ModSecurity: LIBXML compiled version="2.9.1"</Data></EventData></Event><Event><System><Provider Name="ModSecurity"/><EventID>0</EventID><Level>0</Level><Task>0</Task><Keywords>Keywords</Keywords><TimeCreated SystemTime="2014-09-21T18:07:04Z"/><EventRecordID>313335203</EventRecordID><Channel>Application</Channel><Computer>RD00155DFC93B7</Computer><Security/></System><EventData><Data>ModSecurity for IIS (STABLE)/2.8.0 (http://www.modsecurity.org/) configured.</Data></EventData></Event><Event><System><Provider Name="ModSecurity"/><EventID>0</EventID><Level>0</Level><Task>0</Task><Keywords>Keywords</Keywords><TimeCreated SystemTime="2014-09-21T18:07:04Z"/><EventRecordID>313335250</EventRecordID><Channel>Application</Channel><Computer>RD00155DFC93B7</Computer><Security/></System><EventData><Data>ModSecurity: APR compiled version="1.4.8"; loaded version="1.4.8"</Data></EventData></Event><Event><System><Provider Name="ModSecurity"/><EventID>0</EventID><Level>0</Level><Task>0</Task><Keywords>Keywords</Keywords><TimeCreated SystemTime="2014-09-21T18:07:04Z"/><EventRecordID>313335281</EventRecordID><Channel>Application</Channel><Computer>RD00155DFC93B7</Computer><Security/></System><EventData><Data>ModSecurity: LUA compiled version="Lua 5.1"</Data></EventData></Event><Event><System><Provider Name="ModSecurity"/><EventID>0</EventID><Level>0</Level><Task>0</Task><Keywords>Keywords</Keywords><TimeCreated SystemTime="2014-09-21T18:07:04Z"/><EventRecordID>313335312</EventRecordID><Channel>Application</Channel><Computer>RD00155DFC93B7</Computer><Security/></System><EventData><Data>ModSecurity: LIBXML compiled version="2.9.1"</Data></EventData></Event><Event><System><Provider Name="ModSecurity"/><EventID>0</EventID><Level>0</Level><Task>0</Task><Keywords>Keywords</Keywords><TimeCreated SystemTime="2014-09-21T18:10:50Z"/><EventRecordID>313561140</EventRecordID><Channel>Application</Channel><Computer>RD00155DFC93B7</Computer><Security/></System><EventData><Data>ModSecurity for IIS (STABLE)/2.8.0 (http://www.modsecurity.org/) configured.</Data></EventData></Event><Event><System><Provider Name="ModSecurity"/><EventID>0</EventID><Level>0</Level><Task>0</Task><Keywords>Keywords</Keywords><TimeCreated SystemTime="2014-09-21T18:10:50Z"/><EventRecordID>313561171</EventRecordID><Channel>Application</Channel><Computer>RD00155DFC93B7</Computer><Security/></System><EventData><Data>ModSecurity: APR compiled version="1.4.8"; loaded version="1.4.8"</Data></EventData></Event><Event><System><Provider Name="ModSecurity"/><EventID>0</EventID><Level>0</Level><Task>0</Task><Keywords>Keywords</Keywords><TimeCreated SystemTime="2014-09-21T18:10:50Z"/><EventRecordID>313561203</EventRecordID><Channel>Application</Channel><Computer>RD00155DFC93B7</Computer><Security/></System><EventData><Data>ModSecurity: PCRE compiled version="8.33 "; loaded version="8.33 2013-05-28"</Data></EventData></Event><Event><System><Provider Name="ModSecurity"/><EventID>0</EventID><Level>0</Level><Task>0</Task><Keywords>Keywords</Keywords><TimeCreated SystemTime="2014-09-21T18:10:50Z"/><EventRecordID>313561234</EventRecordID><Channel>Application</Channel><Computer>RD00155DFC93B7</Computer><Security/></System><EventData><Data>ModSecurity: LUA compiled version="Lua 5.1"</Data></EventData></Event><Event><System><Provider Name="ModSecurity"/><EventID>0</EventID><Level>0</Level><Task>0</Task><Keywords>Keywords</Keywords><TimeCreated SystemTime="2014-09-21T18:10:50Z"/><EventRecordID>313561265</EventRecordID><Channel>Application</Channel><Computer>RD00155DFC93B7</Computer><Security/></System><EventData><Data>ModSecurity: LIBXML compiled version="2.9.1"</Data></EventData></Event><Event><System><Provider Name="ModSecurity"/><EventID>0</EventID><Level>0</Level><Task>0</Task><Keywords>Keywords</Keywords><TimeCreated SystemTime="2014-09-22T09:02:38Z"/><EventRecordID>367071500</EventRecordID><Channel>Application</Channel><Computer>RD00155DFC93B7</Computer><Security/></System><EventData><Data>ModSecurity for IIS (STABLE)/2.8.0 (http://www.modsecurity.org/) configured.</Data></EventData></Event><Event><System><Provider Name="ModSecurity"/><EventID>0</EventID><Level>0</Level><Task>0</Task><Keywords>Keywords</Keywords><TimeCreated SystemTime="2014-09-22T09:02:38Z"/><EventRecordID>367071546</EventRecordID><Channel>Application</Channel><Computer>RD00155DFC93B7</Computer><Security/></System><EventData><Data>ModSecurity: LUA compiled version="Lua 5.1"</Data></EventData></Event><Event><System><Provider Name="ModSecurity"/><EventID>0</EventID><Level>0</Level><Task>0</Task><Keywords>Keywords</Keywords><TimeCreated SystemTime="2014-09-22T09:02:38Z"/><EventRecordID>367071578</EventRecordID><Channel>Application</Channel><Computer>RD00155DFC93B7</Computer><Security/></System><EventData><Data>ModSecurity: LIBXML compiled version="2.9.1"</Data></EventData></Event><Event><System><Provider Name="ModSecurity"/><EventID>0</EventID><Level>0</Level><Task>0</Task><Keywords>Keywords</Keywords><TimeCreated SystemTime="2014-09-22T09:09:00Z"/><EventRecordID>367453375</EventRecordID><Channel>Application</Channel><Computer>RD00155DFC93B7</Computer><Security/></System><EventData><Data>ModSecurity for IIS (STABLE)/2.8.0 (http://www.modsecurity.org/) configured.</Data></EventData></Event><Event><System><Provider Name="ModSecurity"/><EventID>0</EventID><Level>0</Level><Task>0</Task><Keywords>Keywords</Keywords><TimeCreated SystemTime="2014-09-22T09:09:00Z"/><EventRecordID>367453421</EventRecordID><Channel>Application</Channel><Computer>RD00155DFC93B7</Computer><Security/></System><EventData><Data>ModSecurity: APR compiled version="1.4.8"; loaded version="1.4.8"</Data></EventData></Event><Event><System><Provider Name="ModSecurity"/><EventID>0</EventID><Level>0</Level><Task>0</Task><Keywords>Keywords</Keywords><TimeCreated SystemTime="2014-09-22T09:09:00Z"/><EventRecordID>367453453</EventRecordID><Channel>Application</Channel><Computer>RD00155DFC93B7</Computer><Security/></System><EventData><Data>ModSecurity: LUA compiled version="Lua 5.1"</Data></EventData></Event><Event><System><Provider Name="ModSecurity"/><EventID>0</EventID><Level>0</Level><Task>0</Task><Keywords>Keywords</Keywords><TimeCreated SystemTime="2014-09-22T09:09:00Z"/><EventRecordID>367453484</EventRecordID><Channel>Application</Channel><Computer>RD00155DFC93B7</Computer><Security/></System><EventData><Data>ModSecurity: LIBXML compiled version="2.9.1"</Data></EventData></Event><Event><System><Provider Name="ModSecurity"/><EventID>0</EventID><Level>0</Level><Task>0</Task><Keywords>Keywords</Keywords><TimeCreated SystemTime="2014-09-22T09:10:37Z"/><EventRecordID>367550625</EventRecordID><Channel>Application</Channel><Computer>RD00155DFC93B7</Computer><Security/></System><EventData><Data>ModSecurity for IIS (STABLE)/2.8.0 (http://www.modsecurity.org/) configured.</Data></EventData></Event><Event><System><Provider Name="ModSecurity"/><EventID>0</EventID><Level>0</Level><Task>0</Task><Keywords>Keywords</Keywords><TimeCreated SystemTime="2014-09-22T09:10:37Z"/><EventRecordID>367550656</EventRecordID><Channel>Application</Channel><Computer>RD00155DFC93B7</Computer><Security/></System><EventData><Data>ModSecurity: APR compiled version="1.4.8"; loaded version="1.4.8"</Data></EventData></Event><Event><System><Provider Name="ModSecurity"/><EventID>0</EventID><Level>0</Level><Task>0</Task><Keywords>Keywords</Keywords><TimeCreated SystemTime="2014-09-22T09:10:37Z"/><EventRecordID>367550687</EventRecordID><Channel>Application</Channel><Computer>RD00155DFC93B7</Computer><Security/></System><EventData><Data>ModSecurity: PCRE compiled version="8.33 "; loaded version="8.33 2013-05-28"</Data></EventData></Event><Event><System><Provider Name="ModSecurity"/><EventID>0</EventID><Level>0</Level><Task>0</Task><Keywords>Keywords</Keywords><TimeCreated SystemTime="2014-09-22T09:10:37Z"/><EventRecordID>367550718</EventRecordID><Channel>Application</Channel><Computer>RD00155DFC93B7</Computer><Security/></System><EventData><Data>ModSecurity: LUA compiled version="Lua 5.1"</Data></EventData></Event><Event><System><Provider Name="ModSecurity"/><EventID>0</EventID><Level>0</Level><Task>0</Task><Keywords>Keywords</Keywords><TimeCreated SystemTime="2014-09-22T09:10:38Z"/><EventRecordID>367550750</EventRecordID><Channel>Application</Channel><Computer>RD00155DFC93B7</Computer><Security/></System><EventData><Data>ModSecurity: LIBXML compiled version="2.9.1"</Data></EventData></Event><Event><System><Provider Name="ModSecurity"/><EventID>0</EventID><Level>0</Level><Task>0</Task><Keywords>Keywords</Keywords><TimeCreated SystemTime="2014-09-22T09:20:16Z"/><EventRecordID>368129734</EventRecordID><Channel>Application</Channel><Computer>RD00155DFC93B7</Computer><Security/></System><EventData><Data>ModSecurity for IIS (STABLE)/2.8.0 (http://www.modsecurity.org/) configured.</Data></EventData></Event><Event><System><Provider Name="ModSecurity"/><EventID>0</EventID><Level>0</Level><Task>0</Task><Keywords>Keywords</Keywords><TimeCreated SystemTime="2014-09-22T09:20:17Z"/><EventRecordID>368129765</EventRecordID><Channel>Application</Channel><Computer>RD00155DFC93B7</Computer><Security/></System><EventData><Data>ModSecurity: APR compiled version="1.4.8"; loaded version="1.4.8"</Data></EventData></Event><Event><System><Provider Name="ModSecurity"/><EventID>0</EventID><Level>0</Level><Task>0</Task><Keywords>Keywords</Keywords><TimeCreated SystemTime="2014-09-22T09:20:17Z"/><EventRecordID>368129796</EventRecordID><Channel>Application</Channel><Computer>RD00155DFC93B7</Computer><Security/></System><EventData><Data>ModSecurity: LUA compiled version="Lua 5.1"</Data></EventData></Event><Event><System><Provider Name="ModSecurity"/><EventID>0</EventID><Level>0</Level><Task>0</Task><Keywords>Keywords</Keywords><TimeCreated SystemTime="2014-09-22T09:20:17Z"/><EventRecordID>368129843</EventRecordID><Channel>Application</Channel><Computer>RD00155DFC93B7</Computer><Security/></System><EventData><Data>ModSecurity: LIBXML compiled version="2.9.1"</Data></EventData></Event><Event><System><Provider Name="ModSecurity"/><EventID>0</EventID><Level>0</Level><Task>0</Task><Keywords>Keywords</Keywords><TimeCreated SystemTime="2014-09-22T09:21:10Z"/><EventRecordID>368183750</EventRecordID><Channel>Application</Channel><Computer>RD00155DFC93B7</Computer><Security/></System><EventData><Data>ModSecurity for IIS (STABLE)/2.8.0 (http://www.modsecurity.org/) configured.</Data></EventData></Event><Event><System><Provider Name="ModSecurity"/><EventID>0</EventID><Level>0</Level><Task>0</Task><Keywords>Keywords</Keywords><TimeCreated SystemTime="2014-09-22T09:21:11Z"/><EventRecordID>368183781</EventRecordID><Channel>Application</Channel><Computer>RD00155DFC93B7</Computer><Security/></System><EventData><Data>ModSecurity: APR compiled version="1.4.8"; loaded version="1.4.8"</Data></EventData></Event><Event><System><Provider Name="ModSecurity"/><EventID>0</EventID><Level>0</Level><Task>0</Task><Keywords>Keywords</Keywords><TimeCreated SystemTime="2014-09-22T09:21:11Z"/><EventRecordID>368183812</EventRecordID><Channel>Application</Channel><Computer>RD00155DFC93B7</Computer><Security/></System><EventData><Data>ModSecurity: PCRE compiled version="8.33 "; loaded version="8.33 2013-05-28"</Data></EventData></Event><Event><System><Provider Name="ModSecurity"/><EventID>0</EventID><Level>0</Level><Task>0</Task><Keywords>Keywords</Keywords><TimeCreated SystemTime="2014-09-22T09:21:11Z"/><EventRecordID>368183843</EventRecordID><Channel>Application</Channel><Computer>RD00155DFC93B7</Computer><Security/></System><EventData><Data>ModSecurity: LUA compiled version="Lua 5.1"</Data></EventData></Event><Event><System><Provider Name="ModSecurity"/><EventID>0</EventID><Level>0</Level><Task>0</Task><Keywords>Keywords</Keywords><TimeCreated SystemTime="2014-09-22T09:21:11Z"/><EventRecordID>368183890</EventRecordID><Channel>Application</Channel><Computer>RD00155DFC93B7</Computer><Security/></System><EventData><Data>ModSecurity: LIBXML compiled version="2.9.1"</Data></EventData></Event><Event><System><Provider Name="ModSecurity"/><EventID>0</EventID><Level>0</Level><Task>0</Task><Keywords>Keywords</Keywords><TimeCreated SystemTime="2014-09-22T09:29:41Z"/><EventRecordID>368694406</EventRecordID><Channel>Application</Channel><Computer>RD00155DFC93B7</Computer><Security/></System><EventData><Data>ModSecurity for IIS (STABLE)/2.8.0 (http://www.modsecurity.org/) configured.</Data></EventData></Event><Event><System><Provider Name="ModSecurity"/><EventID>0</EventID><Level>0</Level><Task>0</Task><Keywords>Keywords</Keywords><TimeCreated SystemTime="2014-09-22T09:29:41Z"/><EventRecordID>368694437</EventRecordID><Channel>Application</Channel><Computer>RD00155DFC93B7</Computer><Security/></System><EventData><Data>ModSecurity: APR compiled version="1.4.8"; loaded version="1.4.8"</Data></EventData></Event><Event><System><Provider Name="ModSecurity"/><EventID>0</EventID><Level>0</Level><Task>0</Task><Keywords>Keywords</Keywords><TimeCreated SystemTime="2014-09-22T09:29:41Z"/><EventRecordID>368694484</EventRecordID><Channel>Application</Channel><Computer>RD00155DFC93B7</Computer><Security/></System><EventData><Data>ModSecurity: PCRE compiled version="8.33 "; loaded version="8.33 2013-05-28"</Data></EventData></Event><Event><System><Provider Name="ModSecurity"/><EventID>0</EventID><Level>0</Level><Task>0</Task><Keywords>Keywords</Keywords><TimeCreated SystemTime="2014-09-22T09:29:41Z"/><EventRecordID>368694515</EventRecordID><Channel>Application</Channel><Computer>RD00155DFC93B7</Computer><Security/></System><EventData><Data>ModSecurity: LUA compiled version="Lua 5.1"</Data></EventData></Event><Event><System><Provider Name="ModSecurity"/><EventID>0</EventID><Level>0</Level><Task>0</Task><Keywords>Keywords</Keywords><TimeCreated SystemTime="2014-09-22T09:29:41Z"/><EventRecordID>368694546</EventRecordID><Channel>Application</Channel><Computer>RD00155DFC93B7</Computer><Security/></System><EventData><Data>ModSecurity: LIBXML compiled version="2.9.1"</Data></EventData></Event><Event><System><Provider Name="ModSecurity"/><EventID>0</EventID><Level>0</Level><Task>0</Task><Keywords>Keywords</Keywords><TimeCreated SystemTime="2014-09-22T09:30:43Z"/><EventRecordID>368756718</EventRecordID><Channel>Application</Channel><Computer>RD00155DFC93B7</Computer><Security/></System><EventData><Data>ModSecurity for IIS (STABLE)/2.8.0 (http://www.modsecurity.org/) configured.</Data></EventData></Event><Event><System><Provider Name="ModSecurity"/><EventID>0</EventID><Level>0</Level><Task>0</Task><Keywords>Keywords</Keywords><TimeCreated SystemTime="2014-09-22T09:30:43Z"/><EventRecordID>368756750</EventRecordID><Channel>Application</Channel><Computer>RD00155DFC93B7</Computer><Security/></System><EventData><Data>ModSecurity: APR compiled version="1.4.8"; loaded version="1.4.8"</Data></EventData></Event><Event><System><Provider Name="ModSecurity"/><EventID>0</EventID><Level>0</Level><Task>0</Task><Keywords>Keywords</Keywords><TimeCreated SystemTime="2014-09-22T09:30:44Z"/><EventRecordID>368756796</EventRecordID><Channel>Application</Channel><Computer>RD00155DFC93B7</Computer><Security/></System><EventData><Data>ModSecurity: LUA compiled version="Lua 5.1"</Data></EventData></Event><Event><System><Provider Name="ModSecurity"/><EventID>0</EventID><Level>0</Level><Task>0</Task><Keywords>Keywords</Keywords><TimeCreated SystemTime="2014-09-22T09:30:44Z"/><EventRecordID>368756828</EventRecordID><Channel>Application</Channel><Computer>RD00155DFC93B7</Computer><Security/></System><EventData><Data>ModSecurity: LIBXML compiled version="2.9.1"</Data></EventData></Event><Event><System><Provider Name="ModSecurity"/><EventID>0</EventID><Level>0</Level><Task>0</Task><Keywords>Keywords</Keywords><TimeCreated SystemTime="2014-09-22T09:30:59Z"/><EventRecordID>368772000</EventRecordID><Channel>Application</Channel><Computer>RD00155DFC93B7</Computer><Security/></System><EventData><Data>ModSecurity for IIS (STABLE)/2.8.0 (http://www.modsecurity.org/) configured.</Data></EventData></Event><Event><System><Provider Name="ModSecurity"/><EventID>0</EventID><Level>0</Level><Task>0</Task><Keywords>Keywords</Keywords><TimeCreated SystemTime="2014-09-22T09:30:59Z"/><EventRecordID>368772046</EventRecordID><Channel>Application</Channel><Computer>RD00155DFC93B7</Computer><Security/></System><EventData><Data>ModSecurity: LUA compiled version="Lua 5.1"</Data></EventData></Event><Event><System><Provider Name="ModSecurity"/><EventID>0</EventID><Level>0</Level><Task>0</Task><Keywords>Keywords</Keywords><TimeCreated SystemTime="2014-09-22T09:30:59Z"/><EventRecordID>368772093</EventRecordID><Channel>Application</Channel><Computer>RD00155DFC93B7</Computer><Security/></System><EventData><Data>ModSecurity: LIBXML compiled version="2.9.1"</Data></EventData></Event><Event><System><Provider Name="ModSecurity"/><EventID>0</EventID><Level>0</Level><Task>0</Task><Keywords>Keywords</Keywords><TimeCreated SystemTime="2014-09-22T09:36:43Z"/><EventRecordID>369116234</EventRecordID><Channel>Application</Channel><Computer>RD00155DFC93B7</Computer><Security/></System><EventData><Data>ModSecurity for IIS (STABLE)/2.8.0 (http://www.modsecurity.org/) configured.</Data></EventData></Event><Event><System><Provider Name="ModSecurity"/><EventID>0</EventID><Level>0</Level><Task>0</Task><Keywords>Keywords</Keywords><TimeCreated SystemTime="2014-09-22T09:36:43Z"/><EventRecordID>369116281</EventRecordID><Channel>Application</Channel><Computer>RD00155DFC93B7</Computer><Security/></System><EventData><Data>ModSecurity: APR compiled version="1.4.8"; loaded version="1.4.8"</Data></EventData></Event><Event><System><Provider Name="ModSecurity"/><EventID>0</EventID><Level>0</Level><Task>0</Task><Keywords>Keywords</Keywords><TimeCreated SystemTime="2014-09-22T09:36:43Z"/><EventRecordID>369116312</EventRecordID><Channel>Application</Channel><Computer>RD00155DFC93B7</Computer><Security/></System><EventData><Data>ModSecurity: PCRE compiled version="8.33 "; loaded version="8.33 2013-05-28"</Data></EventData></Event><Event><System><Provider Name="ModSecurity"/><EventID>0</EventID><Level>0</Level><Task>0</Task><Keywords>Keywords</Keywords><TimeCreated SystemTime="2014-09-22T09:36:43Z"/><EventRecordID>369116343</EventRecordID><Channel>Application</Channel><Computer>RD00155DFC93B7</Computer><Security/></System><EventData><Data>ModSecurity: LUA compiled version="Lua 5.1"</Data></EventData></Event><Event><System><Provider Name="ModSecurity"/><EventID>0</EventID><Level>0</Level><Task>0</Task><Keywords>Keywords</Keywords><TimeCreated SystemTime="2014-09-22T09:36:43Z"/><EventRecordID>369116375</EventRecordID><Channel>Application</Channel><Computer>RD00155DFC93B7</Computer><Security/></System><EventData><Data>ModSecurity: LIBXML compiled version="2.9.1"</Data></EventData></Event><Event><System><Provider Name="ModSecurity"/><EventID>0</EventID><Level>0</Level><Task>0</Task><Keywords>Keywords</Keywords><TimeCreated SystemTime="2014-09-22T09:38:37Z"/><EventRecordID>369230203</EventRecordID><Channel>Application</Channel><Computer>RD00155DFC93B7</Computer><Security/></System><EventData><Data>ModSecurity for IIS (STABLE)/2.8.0 (http://www.modsecurity.org/) configured.</Data></EventData></Event><Event><System><Provider Name="ModSecurity"/><EventID>0</EventID><Level>0</Level><Task>0</Task><Keywords>Keywords</Keywords><TimeCreated SystemTime="2014-09-22T09:38:37Z"/><EventRecordID>369230265</EventRecordID><Channel>Application</Channel><Computer>RD00155DFC93B7</Computer><Security/></System><EventData><Data>ModSecurity: LUA compiled version="Lua 5.1"</Data></EventData></Event><Event><System><Provider Name="ModSecurity"/><EventID>0</EventID><Level>0</Level><Task>0</Task><Keywords>Keywords</Keywords><TimeCreated SystemTime="2014-09-22T09:38:37Z"/><EventRecordID>369230296</EventRecordID><Channel>Application</Channel><Computer>RD00155DFC93B7</Computer><Security/></System><EventData><Data>ModSecurity: LIBXML compiled version="2.9.1"</Data></EventData></Event><Event><System><Provider Name="ModSecurity"/><EventID>0</EventID><Level>0</Level><Task>0</Task><Keywords>Keywords</Keywords><TimeCreated SystemTime="2014-09-22T09:40:25Z"/><EventRecordID>369338546</EventRecordID><Channel>Application</Channel><Computer>RD00155DFC93B7</Computer><Security/></System><EventData><Data>ModSecurity for IIS (STABLE)/2.8.0 (http://www.modsecurity.org/) configured.</Data></EventData></Event><Event><System><Provider Name="ModSecurity"/><EventID>0</EventID><Level>0</Level><Task>0</Task><Keywords>Keywords</Keywords><TimeCreated SystemTime="2014-09-22T09:40:25Z"/><EventRecordID>369338640</EventRecordID><Channel>Application</Channel><Computer>RD00155DFC93B7</Computer><Security/></System><EventData><Data>ModSecurity: LUA compiled version="Lua 5.1"</Data></EventData></Event><Event><System><Provider Name="ModSecurity"/><EventID>0</EventID><Level>0</Level><Task>0</Task><Keywords>Keywords</Keywords><TimeCreated SystemTime="2014-09-22T09:40:25Z"/><EventRecordID>369338671</EventRecordID><Channel>Application</Channel><Computer>RD00155DFC93B7</Computer><Security/></System><EventData><Data>ModSecurity: LIBXML compiled version="2.9.1"</Data></EventData></Event><Event><System><Provider Name="ModSecurity"/><EventID>0</EventID><Level>0</Level><Task>0</Task><Keywords>Keywords</Keywords><TimeCreated SystemTime="2014-09-22T09:41:47Z"/><EventRecordID>369420625</EventRecordID><Channel>Application</Channel><Computer>RD00155DFC93B7</Computer><Security/></System><EventData><Data>ModSecurity for IIS (STABLE)/2.8.0 (http://www.modsecurity.org/) configured.</Data></EventData></Event><Event><System><Provider Name="ModSecurity"/><EventID>0</EventID><Level>0</Level><Task>0</Task><Keywords>Keywords</Keywords><TimeCreated SystemTime="2014-09-22T09:41:47Z"/><EventRecordID>369420671</EventRecordID><Channel>Application</Channel><Computer>RD00155DFC93B7</Computer><Security/></System><EventData><Data>ModSecurity: LUA compiled version="Lua 5.1"</Data></EventData></Event><Event><System><Provider Name="ModSecurity"/><EventID>0</EventID><Level>0</Level><Task>0</Task><Keywords>Keywords</Keywords><TimeCreated SystemTime="2014-09-22T09:41:47Z"/><EventRecordID>369420718</EventRecordID><Channel>Application</Channel><Computer>RD00155DFC93B7</Computer><Security/></System><EventData><Data>ModSecurity: LIBXML compiled version="2.9.1"</Data></EventData></Event></Events>
