﻿<?xml version="1.0" encoding="utf-8"?>
<entries>
  <entry time="2014-09-22T09:56:18.8884477Z" id="169c88a5-3805-4e79-85e2-d4ce600e38c1" type="0">
    <message>Updating branch 'master'.</message>
  </entry>
  <entry time="2014-09-22T09:56:21.4612295Z" id="a21c4c35-81ab-47fe-b0c9-8c3b0c7a535a" type="0">
    <message>Updating submodules.</message>
  </entry>
  <entry time="2014-09-22T09:56:21.5250344Z" id="a2a3ad93-969f-4d62-abee-577fe81e2606" type="0">
    <message>Preparing deployment for commit id '293c1f4e78'.</message>
  </entry>
  <entry time="2014-09-22T09:56:21.7125751Z" id="888dd82f-726d-4edf-a221-349a123a8651" type="0">
    <message>Generating deployment script.</message>
    <entry time="2014-09-22T09:56:21.7448887Z" id="fcda26a0-2d23-44c0-8dae-2eec065d682b" type="0">
      <message>Using cached version of deployment script (command: 'azure -y --no-dot-deployment -r "D:\home\site\repository" -o "D:\home\site\deployments\tools" --node --sitePath "D:\home\site\repository"').</message>
    </entry>
  </entry>
  <entry time="2014-09-22T09:56:21.7917663Z" id="dad0c836-7c13-4d5d-9137-f7d81abf573b" type="1">
    <message>Running deployment command...</message>
    <entry time="2014-09-22T09:56:21.8073893Z" id="6f8abe43-a6aa-4d61-b5a6-4391c18d48cb" type="0">
      <message>Command: "D:\home\site\deployments\tools\deploy.cmd"</message>
    </entry>
    <entry time="2014-09-22T09:56:22.2917675Z" id="033d26be-a78c-40e5-9bf9-b8004bba9205" type="0">
      <message>Handling node.js deployment.</message>
    </entry>
    <entry time="2014-09-22T09:56:22.6667728Z" id="4b226ebf-4ddb-4877-a601-3a4681656400" type="0">
      <message>KuduSync.NET from: 'D:\home\site\repository' to: 'D:\home\site\wwwroot'</message>
    </entry>
    <entry time="2014-09-22T09:56:22.6823966Z" id="774d2707-9c9c-4c6f-a0f0-33498199b832" type="0">
      <message>Copying file: 'diagnostics.zip'</message>
    </entry>
    <entry time="2014-09-22T09:56:22.6980251Z" id="6d4a9177-e541-456d-a7f1-a1edb42cd483" type="0">
      <message>Copying file: 'diagnostics\deployments\active'</message>
    </entry>
    <entry time="2014-09-22T09:56:22.7136468Z" id="80d407de-ef92-4229-b8ca-9fcbdebf3424" type="0">
      <message>Copying file: 'diagnostics\deployments\b9af39e8339d4aca0d8bd46b33d63c247914aff5\log.xml'</message>
    </entry>
    <entry time="2014-09-22T09:56:22.7292712Z" id="6a2a3bda-0e16-44fe-b206-390c81bceda2" type="0">
      <message>Copying file: 'diagnostics\deployments\b9af39e8339d4aca0d8bd46b33d63c247914aff5\manifest'</message>
    </entry>
    <entry time="2014-09-22T09:56:22.7449071Z" id="acf7c374-3c6d-4a70-9240-71199e9c0b74" type="0">
      <message>Copying file: 'diagnostics\deployments\b9af39e8339d4aca0d8bd46b33d63c247914aff5\status.xml'</message>
    </entry>
    <entry time="2014-09-22T09:56:22.7605232Z" id="bc42a5f8-50e3-4acc-941f-ff13365f4ab5" type="0">
      <message>Copying file: 'diagnostics\deployments\tools\deploymentCacheKey'</message>
    </entry>
    <entry time="2014-09-22T09:56:22.7761453Z" id="206c20da-3bcc-4e29-a55d-3aa523698eb0" type="0">
      <message>Copying file: 'diagnostics\LogFiles\eventlog.xml'</message>
    </entry>
    <entry time="2014-09-22T09:56:22.7917928Z" id="694f9a9b-d7f9-4946-b1f3-99c86b4084c5" type="0">
      <message>Copying file: 'diagnostics\LogFiles\Application\3b8c72-10268-stderr-1411378703975.txt'</message>
    </entry>
    <entry time="2014-09-22T09:56:22.8074034Z" id="74dbae68-1eaa-48ad-837b-39f6e1cce3de" type="0">
      <message>Copying file: 'diagnostics\LogFiles\Application\3b8c72-10908-stderr-1411378607253.txt'</message>
    </entry>
    <entry time="2014-09-22T09:56:22.8230285Z" id="66592ecd-51af-4dcd-a234-07415b502807" type="0">
      <message>Copying file: 'diagnostics\LogFiles\Application\3b8c72-11880-stderr-1411378701897.txt'</message>
    </entry>
    <entry time="2014-09-22T09:56:22.8386469Z" id="f16141cc-d9c9-4f8f-b7e9-cbc67f858b21" type="0">
      <message>Copying file: 'diagnostics\LogFiles\Application\3b8c72-11896-stderr-1411378612824.txt'</message>
    </entry>
    <entry time="2014-09-22T09:56:22.8386469Z" id="578ff221-6c46-46a3-896b-749426a82504" type="0">
      <message>Copying file: 'diagnostics\LogFiles\Application\3b8c72-12240-stderr-1411378605347.txt'</message>
    </entry>
    <entry time="2014-09-22T09:56:22.8542715Z" id="9fe80d8a-d298-4555-8dad-20db634a6257" type="0">
      <message>Copying file: 'diagnostics\LogFiles\Application\3b8c72-12260-stderr-1411378657165.txt'</message>
    </entry>
    <entry time="2014-09-22T09:56:22.8698969Z" id="869e35b3-4bdf-42e7-8c88-2937d35a0072" type="0">
      <message>Copying file: 'diagnostics\LogFiles\Application\3b8c72-12420-stderr-1411378611402.txt'</message>
    </entry>
    <entry time="2014-09-22T09:56:22.8855227Z" id="b0ad0eeb-bc9d-4c79-a8c6-098e9bd5bf35" type="0">
      <message>Copying file: 'diagnostics\LogFiles\Application\3b8c72-13084-stderr-1411378734169.txt'</message>
    </entry>
    <entry time="2014-09-22T09:56:22.9011571Z" id="b873720c-ae68-436a-8ff6-03843cb4bb0a" type="0">
      <message>Copying file: 'diagnostics\LogFiles\Application\3b8c72-1316-stderr-1411378829853.txt'</message>
    </entry>
    <entry time="2014-09-22T09:56:22.9167736Z" id="858e3540-6156-43f0-8f8e-14d2ebd9bd90" type="0">
      <message>Copying file: 'diagnostics\LogFiles\Application\3b8c72-2748-stderr-1411378595632.txt'</message>
    </entry>
    <entry time="2014-09-22T09:56:22.9323989Z" id="1a2b718a-5aff-4142-8dcb-c9632b319783" type="0">
      <message>Copying file: 'diagnostics\LogFiles\Application\3b8c72-5276-stderr-1411378552611.txt'</message>
    </entry>
    <entry time="2014-09-22T09:56:22.9480519Z" id="6cf5d0f8-f2af-4697-9d4f-c2d17a4d5e15" type="0">
      <message>Copying file: 'diagnostics\LogFiles\Application\3b8c72-5460-stderr-1411378573163.txt'</message>
    </entry>
    <entry time="2014-09-22T09:56:22.9636472Z" id="81107be4-cab8-4831-9f3d-d1128792ef88" type="0">
      <message>Copying file: 'diagnostics\LogFiles\Application\3b8c72-5664-stderr-1411378615088.txt'</message>
    </entry>
    <entry time="2014-09-22T09:56:22.9792724Z" id="de4b3ac9-9669-49ad-8483-b0015e8498e1" type="0">
      <message>Copying file: 'diagnostics\LogFiles\Application\3b8c72-5776-stderr-1411378735732.txt'</message>
    </entry>
    <entry time="2014-09-22T09:56:22.9949015Z" id="128216de-7d88-4c46-9fa9-fac3a1d514b8" type="0">
      <message>Copying file: 'diagnostics\LogFiles\Application\3b8c72-6428-stderr-1411378617746.txt'</message>
    </entry>
    <entry time="2014-09-22T09:56:23.0105272Z" id="8c3a3862-3e18-4c8c-bc61-b3781bc33bdf" type="0">
      <message>Copying file: 'diagnostics\LogFiles\Application\3b8c72-7280-stderr-1411378658728.txt'</message>
    </entry>
    <entry time="2014-09-22T09:56:23.0261482Z" id="c85b460c-038b-4685-8cbb-cb3d0308766b" type="0">
      <message>Copying file: 'diagnostics\LogFiles\Application\3b8c72-7640-stderr-1411378597412.txt'</message>
    </entry>
    <entry time="2014-09-22T09:56:23.0417734Z" id="e1df5760-6776-4659-b3f9-1512d7b05484" type="0">
      <message>Copying file: 'diagnostics\LogFiles\Application\3b8c72-848-stderr-1411378828166.txt'</message>
    </entry>
    <entry time="2014-09-22T09:56:23.0573988Z" id="6d1a7944-5ff9-45d9-912e-1b71c829530f" type="0">
      <message>Copying file: 'diagnostics\LogFiles\Application\3b8c72-9232-stderr-1411378550101.txt'</message>
    </entry>
    <entry time="2014-09-22T09:56:23.0730234Z" id="d9d8fe92-3c55-492c-8ac2-c05351180587" type="0">
      <message>Copying file: 'diagnostics\LogFiles\Application\3b8c72-9736-stderr-1411378571476.txt'</message>
    </entry>
    <entry time="2014-09-22T09:56:23.088649Z" id="7b0af139-d46c-427a-95d9-c6a11ceb684d" type="0">
      <message>Copying file: 'diagnostics\LogFiles\Application\index.html'</message>
    </entry>
    <entry time="2014-09-22T09:56:23.1042842Z" id="9e1d02df-96e5-41bf-9ff2-43c0b3b033ad" type="0">
      <message>Copying file: 'diagnostics\LogFiles\Application\logging-errors.txt'</message>
    </entry>
    <entry time="2014-09-22T09:56:23.1198999Z" id="da10f61a-46f9-40bd-9a7a-45711efd5d51" type="0">
      <message>Copying file: 'diagnostics\LogFiles\DetailedErrors\ErrorPage000001.htm'</message>
    </entry>
    <entry time="2014-09-22T09:56:23.135524Z" id="e5d91820-4c9f-4739-92af-dbbd76c1b690" type="0">
      <message>Copying file: 'diagnostics\LogFiles\DetailedErrors\ErrorPage000002.htm'</message>
    </entry>
    <entry time="2014-09-22T09:56:23.1517017Z" id="f71211a5-4b87-445b-b65c-aa163d7f0c3a" type="0">
      <message>Copying file: 'diagnostics\LogFiles\DetailedErrors\ErrorPage000003.htm'</message>
    </entry>
    <entry time="2014-09-22T09:56:23.168961Z" id="a135c628-49c5-4d01-b81d-7ce63bc5f99f" type="0">
      <message>Copying file: 'diagnostics\LogFiles\DetailedErrors\ErrorPage000004.htm'</message>
    </entry>
    <entry time="2014-09-22T09:56:23.1845859Z" id="3adf04b0-e7b8-46ba-bae6-a47dade8b48d" type="0">
      <message>Copying file: 'diagnostics\LogFiles\DetailedErrors\ErrorPage000005.htm'</message>
    </entry>
    <entry time="2014-09-22T09:56:23.2002128Z" id="c940497f-c009-4c36-aa15-428a28b33542" type="0">
      <message>Copying file: 'diagnostics\LogFiles\DetailedErrors\ErrorPage000006.htm'</message>
    </entry>
    <entry time="2014-09-22T09:56:23.2158421Z" id="cc7d5da0-5ac6-44f0-a16d-760aee387624" type="0">
      <message>Copying file: 'diagnostics\LogFiles\DetailedErrors\ErrorPage000007.htm'</message>
    </entry>
    <entry time="2014-09-22T09:56:23.2314694Z" id="c25ab5bb-3ba3-49fc-b05e-183a1a86b7cd" type="0">
      <message>Copying file: 'diagnostics\LogFiles\DetailedErrors\ErrorPage000008.htm'</message>
    </entry>
    <entry time="2014-09-22T09:56:23.2470905Z" id="0ca98114-c84a-4cea-8433-0879d3ec5601" type="0">
      <message>Copying file: 'diagnostics\LogFiles\DetailedErrors\ErrorPage000009.htm'</message>
    </entry>
    <entry time="2014-09-22T09:56:23.2470905Z" id="0edc9f8c-380c-421e-85bd-7bf717062eda" type="0">
      <message>Copying file: 'diagnostics\LogFiles\DetailedErrors\ErrorPage000010.htm'</message>
    </entry>
    <entry time="2014-09-22T09:56:23.2627108Z" id="e609067e-76c3-45fa-ab99-f62b4323a5a4" type="0">
      <message>Copying file: 'diagnostics\LogFiles\DetailedErrors\ErrorPage000011.htm'</message>
    </entry>
    <entry time="2014-09-22T09:56:23.278646Z" id="946ebed6-0008-4dfb-86e3-e50a029bffbe" type="0">
      <message>Copying file: 'diagnostics\LogFiles\DetailedErrors\ErrorPage000012.htm'</message>
    </entry>
    <entry time="2014-09-22T09:56:23.2939611Z" id="942b8671-5d4d-4ec8-9b7e-8914de48efab" type="0">
      <message>Copying file: 'diagnostics\LogFiles\DetailedErrors\ErrorPage000013.htm'</message>
    </entry>
    <entry time="2014-09-22T09:56:23.3095849Z" id="48ad5f86-70ea-4d30-af29-44ef73f523e1" type="0">
      <message>Copying file: 'diagnostics\LogFiles\DetailedErrors\ErrorPage000014.htm'</message>
    </entry>
    <entry time="2014-09-22T09:56:23.3252108Z" id="ce0fad1a-e555-408a-b486-10982fc0db3e" type="0">
      <message>Copying file: 'diagnostics\LogFiles\DetailedErrors\ErrorPage000015.htm'</message>
    </entry>
    <entry time="2014-09-22T09:56:23.3408364Z" id="29b1e548-0c9f-41ef-887c-b9cab0f4496f" type="0">
      <message>Copying file: 'diagnostics\LogFiles\DetailedErrors\ErrorPage000016.htm'</message>
    </entry>
    <entry time="2014-09-22T09:56:23.3564607Z" id="77c5a3ca-1ff7-4c38-b15d-51fa492ae464" type="0">
      <message>Copying file: 'diagnostics\LogFiles\DetailedErrors\ErrorPage000017.htm'</message>
    </entry>
    <entry time="2014-09-22T09:56:23.372086Z" id="fe563645-7df8-4a6f-9e95-ca091c152c56" type="0">
      <message>Copying file: 'diagnostics\LogFiles\DetailedErrors\ErrorPage000018.htm'</message>
    </entry>
    <entry time="2014-09-22T09:56:23.3877101Z" id="daf5d632-a57e-409b-a4c8-6380421d13d2" type="0">
      <message>Copying file: 'diagnostics\LogFiles\DetailedErrors\ErrorPage000019.htm'</message>
    </entry>
    <entry time="2014-09-22T09:56:23.4033355Z" id="a239004e-b8b3-4f16-8b65-3e1e7cb208ba" type="0">
      <message>Copying file: 'diagnostics\LogFiles\DetailedErrors\ErrorPage000020.htm'</message>
    </entry>
    <entry time="2014-09-22T09:56:23.4189651Z" id="762efba4-d7dc-4f95-87c9-9a4a17895734" type="0">
      <message>Omitting next output lines...</message>
    </entry>
    <entry time="2014-09-22T09:56:24.5151638Z" id="0da3a2f3-1960-47dd-8362-a70cf1b6f3ef" type="0">
      <message>Looking for app.js/server.js under site root.</message>
    </entry>
    <entry time="2014-09-22T09:56:24.5464055Z" id="46872781-ce2e-4e5b-bb58-90467a25c923" type="0">
      <message>Using start-up script server.js</message>
    </entry>
    <entry time="2014-09-22T09:56:24.5620288Z" id="1ed65b9f-e759-4011-b7de-028a24a8255c" type="0">
      <message>Generated web.config.</message>
    </entry>
    <entry time="2014-09-22T09:56:24.5776608Z" id="050cf621-1f48-43de-959c-b976454cea48" type="0">
      <message>The package.json file does not specify node.js engine version constraints.</message>
    </entry>
    <entry time="2014-09-22T09:56:24.5932792Z" id="a72e602e-a4de-4b80-98fd-33428c71ce89" type="0">
      <message>The node.js application will run with the default node.js version 0.10.29.</message>
    </entry>
    <entry time="2014-09-22T09:56:25.483918Z" id="f35b1f2e-8233-4a71-972b-d8bc39c58e7f" type="1">
      <message>npm WARN package.json Chat@0.0.0 No repository field.</message>
    </entry>
    <entry time="2014-09-22T09:56:26.2521682Z" id="c8b4bdcb-aa30-4c66-89ce-944a68e8e3d6" type="0">
      <message>Finished successfully.</message>
    </entry>
  </entry>
  <entry time="2014-09-22T09:56:26.3146825Z" id="357f4417-d8c7-4732-b20f-157fef8d148e" type="0">
    <message>Deployment successful.</message>
  </entry>
</entries>