﻿<?xml version="1.0" encoding="utf-8"?>
<deployment>
  <id>293c1f4e78f3008052c59f9d3c1170e8cb1ea132</id>
  <author>suganya1989</author>
  <deployer>suganya1989</deployer>
  <authorEmail>suganya1989@gmail.com</authorEmail>
  <message>check in</message>
  <progress></progress>
  <status>Success</status>
  <statusText></statusText>
  <lastSuccessEndTime>2014-09-22T09:56:26.3719863Z</lastSuccessEndTime>
  <receivedTime>2014-09-22T09:56:18.7790735Z</receivedTime>
  <startTime>2014-09-22T09:56:21.55631Z</startTime>
  <endTime>2014-09-22T09:56:26.3719863Z</endTime>
  <complete>True</complete>
  <is_temp>False</is_temp>
  <is_readonly>False</is_readonly>
</deployment>