﻿<?xml version="1.0" encoding="utf-8"?>
<entries>
  <entry time="2014-09-22T10:07:59.4129949Z" id="75413940-754a-4ae7-9b49-77d47ccc376a" type="0">
    <message>Updating branch 'master'.</message>
  </entry>
  <entry time="2014-09-22T10:08:00.435105Z" id="ea3c51e9-e68d-4835-83bd-16fc4ede3784" type="0">
    <message>Updating submodules.</message>
  </entry>
  <entry time="2014-09-22T10:08:00.4976144Z" id="7e80c77b-5909-419d-85f7-9fe82091584c" type="0">
    <message>Preparing deployment for commit id '541a9f7efc'.</message>
  </entry>
  <entry time="2014-09-22T10:08:00.6851245Z" id="a0ef0437-26e5-473e-858d-0a45184271ff" type="0">
    <message>Generating deployment script.</message>
    <entry time="2014-09-22T10:08:00.733758Z" id="efd5c4df-35a3-4706-90a7-5eba2bb8080a" type="0">
      <message>Using cached version of deployment script (command: 'azure -y --no-dot-deployment -r "D:\home\site\repository" -o "D:\home\site\deployments\tools" --node --sitePath "D:\home\site\repository"').</message>
    </entry>
  </entry>
  <entry time="2014-09-22T10:08:00.7850819Z" id="4f657b1c-3104-4384-8046-e023de5288ca" type="1">
    <message>Running deployment command...</message>
    <entry time="2014-09-22T10:08:00.8007132Z" id="eb343223-984e-4915-a144-f3d7d164d7af" type="0">
      <message>Command: "D:\home\site\deployments\tools\deploy.cmd"</message>
    </entry>
    <entry time="2014-09-22T10:08:01.2382078Z" id="f76c9798-ccb5-4f70-b07c-8b02ba6bcddc" type="0">
      <message>Handling node.js deployment.</message>
    </entry>
    <entry time="2014-09-22T10:08:02.7906248Z" id="4d1c157b-d734-401e-8609-b5091726bbbc" type="0">
      <message>KuduSync.NET from: 'D:\home\site\repository' to: 'D:\home\site\wwwroot'</message>
    </entry>
    <entry time="2014-09-22T10:08:02.8062562Z" id="96ff783b-a4bf-4469-bac9-e420f82a069b" type="0">
      <message>Copying file: 'server.js'</message>
    </entry>
    <entry time="2014-09-22T10:08:02.9312591Z" id="e33514b6-8b67-48fc-90f3-140c613e8907" type="0">
      <message>Looking for app.js/server.js under site root.</message>
    </entry>
    <entry time="2014-09-22T10:08:02.9625094Z" id="0be39cea-b6c4-4e0e-a729-a6bf13fd73eb" type="0">
      <message>Using start-up script server.js</message>
    </entry>
    <entry time="2014-09-22T10:08:02.9781396Z" id="65500c60-c689-4a86-92f4-773d53194dfd" type="0">
      <message>Generated web.config.</message>
    </entry>
    <entry time="2014-09-22T10:08:02.9937501Z" id="c9321df0-32f5-4307-992c-8699379b6844" type="0">
      <message>The package.json file does not specify node.js engine version constraints.</message>
    </entry>
    <entry time="2014-09-22T10:08:03.0093744Z" id="5c08111a-8dca-497f-8124-43fd26eaea7d" type="0">
      <message>The node.js application will run with the default node.js version 0.10.29.</message>
    </entry>
    <entry time="2014-09-22T10:08:03.9000134Z" id="e85658b5-0c8f-462a-ba8d-470dbda1df09" type="1">
      <message>npm WARN package.json Chat@0.0.0 No repository field.</message>
    </entry>
    <entry time="2014-09-22T10:08:04.6193246Z" id="d9d30f55-60f3-4f25-9b63-209ee0833ee3" type="0">
      <message>Finished successfully.</message>
    </entry>
  </entry>
  <entry time="2014-09-22T10:08:04.6828636Z" id="0f8b1647-3889-4002-bc52-147ea8de8269" type="0">
    <message>Deployment successful.</message>
  </entry>
</entries>